xcl,ycl,xvcl,yvcl,xlt,ylt,xvlt,yvlt,xtt,ytt,xvtt,yvtt
10.000000,0.000000,-0.019739,1.986918
9.998026,0.198692,-0.059210,1.986133
9.992105,0.397305,-0.098657,1.984565
9.982239,0.595762,-0.138065,1.982213
9.968433,0.793983,-0.177419,1.979078
9.950691,0.991891,-0.216703,1.975162
9.929021,1.189407,-0.255901,1.970467
9.903431,1.386454,-0.294998,1.964993
9.873931,1.582953,-0.333979,1.958744
9.840533,1.778827,-0.372827,1.951722
9.803250,1.974000,-0.411529,1.943929
9.762097,2.168392,-0.450068,1.935368
9.717091,2.361929,-0.488429,1.926044
9.668248,2.554534,-0.526597,1.915959
9.615588,2.746129,-0.564558,1.905118
9.559132,2.936641,-0.602295,1.893525
9.498903,3.125994,-0.639795,1.881184
9.434923,3.314112,-0.677042,1.868100
9.367219,3.500922,-0.714021,1.854280
9.295817,3.686350,-0.750719,1.839727
9.220745,3.870323,-0.787120,1.824448
9.142033,4.052768,-0.823210,1.808448
9.059712,4.233612,-0.858976,1.791735
8.973814,4.412786,-0.894402,1.774315
8.884374,4.590217,-0.929475,1.756194
8.791427,4.765837,-0.964181,1.737380
8.695009,4.939575,-0.998506,1.717880
8.595158,5.111363,-1.032437,1.697702
8.491914,5.281133,-1.065960,1.676854
8.385318,5.448818,-1.099062,1.655344
8.275412,5.614353,-1.131731,1.633180
8.162239,5.777671,-1.163952,1.610372
8.045844,5.938708,-1.195714,1.586929
7.926272,6.097401,-1.227004,1.562858
7.803572,6.253687,-1.257809,1.538172
7.677791,6.407504,-1.288118,1.512877
7.548979,6.558792,-1.317918,1.486986
7.417188,6.707490,-1.347197,1.460508
7.282468,6.853541,-1.375945,1.433454
7.144873,6.996887,-1.404150,1.405833
7.004458,7.137470,-1.431800,1.377658
6.861278,7.275236,-1.458884,1.348939
6.715390,7.410130,-1.485393,1.319688
6.566851,7.542098,-1.511315,1.289916
6.415719,7.671090,-1.536641,1.259635
6.262055,7.797054,-1.561360,1.228857
6.105919,7.919939,-1.585462,1.197594
5.947373,8.039699,-1.608939,1.165858
5.786479,8.156285,-1.631780,1.133663
5.623301,8.269651,-1.653977,1.101020
5.457903,8.379753,-1.675521,1.067942
5.290351,8.486547,-1.696404,1.034443
5.120711,8.589991,-1.716616,1.000536
4.949049,8.690045,-1.736151,0.966234
4.775434,8.786668,-1.755001,0.931551
4.599934,8.879824,-1.773158,0.896501
4.422618,8.969474,-1.790615,0.861097
4.243557,9.055583,-1.807365,0.825353
4.062820,9.138119,-1.823402,0.789283
3.880480,9.217047,-1.838718,0.752902
3.696608,9.292337,-1.853309,0.716225
3.511277,9.363960,-1.867169,0.679264
3.324560,9.431886,-1.880291,0.642036
3.136531,9.496090,-1.892671,0.604555
2.947264,9.556545,-1.904304,0.566835
2.756834,9.613229,-1.915185,0.528891
2.565315,9.666118,-1.925310,0.490739
2.372784,9.715192,-1.934675,0.452394
2.179317,9.760431,-1.943277,0.413870
1.984989,9.801818,-1.951112,0.375184
1.789878,9.839337,-1.958176,0.336349
1.594060,9.872971,-1.964468,0.297382
1.397614,9.902710,-1.969984,0.258297
1.200615,9.928539,-1.974722,0.219111
1.003143,9.950450,-1.978682,0.179839
0.805275,9.968434,-1.981860,0.140496
0.607089,9.982484,-1.984256,0.101097
0.408663,9.992594,-1.985869,0.061659
0.210076,9.998760,-1.986698,0.022197
0.011407,10.000979,-1.986743,-0.017273
-0.187268,9.999252,-1.986004,-0.056737
-0.385868,9.993578,-1.984481,-0.096178
-0.584316,9.983961,-1.982175,-0.135581
-0.782534,9.970402,-1.979086,-0.174930
-0.980442,9.952910,-1.975217,-0.214209
-1.177964,9.931489,-1.970568,-0.253404
-1.375021,9.906148,-1.965142,-0.292499
-1.571535,9.876898,-1.958940,-0.331478
-1.767429,9.843750,-1.951965,-0.370326
-1.962625,9.806718,-1.944219,-0.409028
-2.157047,9.765815,-1.935707,-0.447568
-2.350618,9.721058,-1.926430,-0.485931
-2.543261,9.672465,-1.916393,-0.524102
-2.734900,9.620055,-1.905600,-0.562066
-2.925460,9.563848,-1.894056,-0.599808
-3.114866,9.503868,-1.881763,-0.637314
-3.303042,9.440136,-1.868729,-0.674567
-3.489915,9.372679,-1.854957,-0.711554
-3.675411,9.301524,-1.840452,-0.748260
-3.859456,9.226698,-1.825222,-0.784671
-4.041978,9.148231,-1.809272,-0.820772,-3.360119,7.604976,-1.504073,-0.682319,-4.723837,10.691486,-2.114471,-0.959224
-4.222905,9.066154,-1.792607,-0.856548,-3.510527,7.536744,-1.482678,-0.728250,-4.935284,10.595563,-2.099551,-0.991257
-4.402166,8.980499,-1.775236,-0.891987,-3.658795,7.463919,-1.460358,-0.773783,-5.145239,10.496438,-2.084004,-1.022972
-4.579690,8.891300,-1.757164,-0.927073,-3.804830,7.386541,-1.437100,-0.818933,-5.353640,10.394140,-2.067845,-1.054347
-4.755406,8.798593,-1.738398,-0.961793,-3.948540,7.304648,-1.412893,-0.863711,-5.560424,10.288706,-2.051087,-1.085357
-4.929246,8.702414,-1.718947,-0.996134,-4.089830,7.218277,-1.387720,-0.908130,-5.765533,10.180170,-2.033745,-1.115981
-5.101141,8.602800,-1.698817,-1.030081,-4.228602,7.127464,-1.361564,-0.952199,-5.968907,10.068572,-2.015836,-1.146198
-5.271022,8.499792,-1.678018,-1.063622,-4.364758,7.032244,-1.334407,-0.995926,-6.170491,9.953952,-1.997377,-1.175987
-5.438824,8.393430,-1.656556,-1.096743,-4.498199,6.932651,-1.306228,-1.039318,-6.370228,9.836353,-1.978386,-1.205328
-5.604480,8.283756,-1.634441,-1.129430,-4.628822,6.828719,-1.277005,-1.082377,-6.568067,9.715820,-1.958881,-1.234204
-5.767924,8.170813,-1.611680,-1.161673,-4.756522,6.720482,-1.246712,-1.125106,-6.763955,9.592400,-1.938882,-1.262598
-5.929092,8.054645,-1.588284,-1.193456,-4.881193,6.607971,-1.215326,-1.167506,-6.957843,9.466140,-1.918409,-1.290492
-6.087920,7.935300,-1.564262,-1.224768,-5.002726,6.491220,-1.182818,-1.209573,-7.149684,9.337091,-1.897482,-1.317873
-6.244346,7.812823,-1.539622,-1.255597,-5.121008,6.370263,-1.149162,-1.251305,-7.339433,9.205304,-1.876121,-1.344727
-6.398309,7.687263,-1.514374,-1.285931,-5.235924,6.245133,-1.114327,-1.292693,-7.527045,9.070831,-1.854348,-1.371041
-6.549746,7.558670,-1.488530,-1.315757,-5.347356,6.115863,-1.078282,-1.333731,-7.712479,8.933727,-1.832184,-1.396803
-6.698599,7.427095,-1.462098,-1.345063,-5.455185,5.982490,-1.040996,-1.374406,-7.895698,8.794047,-1.809649,-1.422004
-6.844809,7.292588,-1.435089,-1.373839,-5.559284,5.845050,-1.002436,-1.414706,-8.076663,8.651846,-1.786766,-1.446635
-6.988318,7.155204,-1.407514,-1.402072,-5.659528,5.703579,-0.962566,-1.454615,-8.255339,8.507183,-1.763555,-1.470687
-7.129069,7.014997,-1.379384,-1.429752,-5.755784,5.558117,-0.921351,-1.494116,-8.431695,8.360114,-1.740038,-1.494154
-7.267007,6.872022,-1.350710,-1.456868,-5.847920,5.408706,-0.878754,-1.533187,-8.605699,8.210699,-1.716236,-1.517029
-7.402078,6.726335,-1.321502,-1.483409,-5.935795,5.255387,-0.834735,-1.571805,-8.777322,8.058996,-1.692169,-1.539309
-7.534229,6.577994,-1.291774,-1.509364,-6.019268,5.098207,-0.789254,-1.609946,-8.946539,7.905065,-1.667858,-1.560989
-7.663406,6.427058,-1.261536,-1.534724,-6.098194,4.937212,-0.742268,-1.647580,-9.113325,7.748966,-1.643324,-1.582066
-7.789560,6.273585,-1.230800,-1.559478,-6.172421,4.772454,-0.693734,-1.684677,-9.277657,7.590759,-1.618586,-1.602538
-7.912640,6.117638,-1.199579,-1.583617,-6.241794,4.603986,-0.643606,-1.721200,-9.439516,7.430506,-1.593665,-1.622405
-8.032598,5.959276,-1.167884,-1.607130,-6.306155,4.431866,-0.591833,-1.757113,-9.598882,7.268265,-1.568578,-1.641666
-8.149386,5.798563,-1.135729,-1.630010,-6.365338,4.256155,-0.538367,-1.792372,-9.755740,7.104099,-1.543345,-1.660321
-8.262959,5.635562,-1.103126,-1.652246,-6.419175,4.076918,-0.483153,-1.826932,-9.910075,6.938066,-1.517985,-1.678371
-8.373271,5.470337,-1.070088,-1.673830,-6.467490,3.894225,-0.426134,-1.860741,-10.061873,6.770229,-1.492514,-1.695820
-8.480280,5.302954,-1.036627,-1.694754,-6.510103,3.708151,-0.367252,-1.893745,-10.211125,6.600647,-1.466952,-1.712668
-8.583943,5.133479,-1.002758,-1.715009,-6.546828,3.518776,-0.306444,-1.925882,-10.357820,6.429381,-1.441313,-1.728920
-8.684219,4.961978,-0.968493,-1.734588,-6.577473,3.326188,-0.243645,-1.957085,-10.501951,6.256489,-1.415615,-1.744578
-8.781068,4.788519,-0.933846,-1.753481,-6.601837,3.130479,-0.178784,-1.987279,-10.643513,6.082031,-1.389874,-1.759649
-8.874453,4.613171,-0.898830,-1.771683,-6.619716,2.931751,-0.111789,-2.016383,-10.782500,5.906066,-1.364105,-1.774135
-8.964336,4.436003,-0.863460,-1.789186,-6.630895,2.730113,-0.042582,-2.044308,-10.918911,5.728652,-1.338323,-1.788043
-9.050682,4.257084,-0.827750,-1.805983,-6.635153,2.525682,0.028919,-2.070953,-11.052743,5.549848,-1.312543,-1.801378
-9.133457,4.076486,-0.791713,-1.822067,-6.632261,2.318587,0.102797,-2.096210,-11.183997,5.369710,-1.286778,-1.814146
-9.212628,3.894279,-0.755364,-1.837432,-6.621981,2.108966,0.179145,-2.119955,-11.312675,5.188296,-1.261041,-1.826354
-9.288164,3.710536,-0.718716,-1.852073,-6.604067,1.896970,0.258055,-2.142055,-11.438779,5.005660,-1.235346,-1.838010
-9.360036,3.525329,-0.681785,-1.865982,-6.578261,1.682765,0.339627,-2.162359,-11.562314,4.821859,-1.209704,-1.849119
-9.428214,3.338730,-0.644586,-1.879155,-6.544299,1.466529,0.423963,-2.180701,-11.683284,4.636947,-1.184129,-1.859690
-9.492673,3.150815,-0.607132,-1.891587,-6.501902,1.248459,0.511171,-2.196895,-11.801697,4.450978,-1.158631,-1.869731
-9.553386,2.961656,-0.569438,-1.903272,-6.450785,1.028770,0.601361,-2.210734,-11.917560,4.264005,-1.133220,-1.879249
-9.610330,2.771329,-0.531520,-1.914207,-6.390649,0.807696,0.694646,-2.221988,-12.030882,4.076081,-1.107909,-1.888253
-9.663482,2.579908,-0.493393,-1.924386,-6.321184,0.585497,0.791142,-2.230398,-12.141673,3.887255,-1.082705,-1.896751
-9.712821,2.387470,-0.455070,-1.933806,-6.242070,0.362458,0.890965,-2.235675,-12.249944,3.697580,-1.057620,-1.904752
-9.758328,2.194089,-0.416569,-1.942463,-6.152974,0.138890,0.994230,-2.237495,-12.355706,3.507105,-1.032662,-1.912266
-9.799985,1.999843,-0.377902,-1.950353,-6.053551,-0.084859,1.101051,-2.235497,-12.458972,3.315878,-1.007840,-1.919300
-9.837775,1.804808,-0.339087,-1.957474,-5.943446,-0.308409,1.211533,-2.229272,-12.559756,3.123948,-0.983161,-1.925865
-9.871684,1.609060,-0.300138,-1.963823,-5.822292,-0.531336,1.325773,-2.218364,-12.658072,2.931362,-0.958634,-1.931969
-9.901698,1.412678,-0.261071,-1.969396,-5.689715,-0.753173,1.443854,-2.202260,-12.753935,2.738165,-0.934266,-1.937622
-9.927805,1.215738,-0.221901,-1.974193,-5.545330,-0.973399,1.565834,-2.180383,-12.847362,2.544403,-0.910063,-1.942832
-9.949995,1.018319,-0.182643,-1.978211,-5.388746,-1.191437,1.691746,-2.152088,-12.938368,2.350120,-0.886034,-1.947611
-9.968259,0.820498,-0.143313,-1.981448,-5.219572,-1.406646,1.821581,-2.116650,-13.026972,2.155358,-0.862182,-1.951967
-9.982591,0.622353,-0.103927,-1.983904,-5.037414,-1.618311,1.955274,-2.073258,-13.113190,1.960162,-0.838515,-1.955910
-9.992983,0.423963,-0.064499,-1.985576,-4.841886,-1.825637,2.092694,-2.021008,-13.197041,1.764571,-0.815038,-1.959449
-9.999433,0.225405,-0.025046,-1.986466,-4.632617,-2.027738,2.233614,-1.958896,-13.278545,1.568626,-0.791755,-1.962594
-10.001938,0.026759,0.014416,-1.986571,-4.409255,-2.223627,2.377691,-1.885810,-13.357721,1.372367,-0.768671,-1.965354
-10.000496,-0.171899,0.053873,-1.985893,-4.171486,-2.412208,2.524432,-1.800530,-13.434588,1.175831,-0.745792,-1.967739
-9.995109,-0.370488,0.093309,-1.984431,-3.919043,-2.592261,2.673153,-1.701733,-13.509167,0.979057,-0.723119,-1.969759
-9.985778,-0.568931,0.132708,-1.982187,-3.651728,-2.762435,2.822934,-1.588000,-13.581479,0.782081,-0.700659,-1.971423
-9.972507,-0.767150,0.172055,-1.979160,-3.369434,-2.921235,2.972565,-1.457840,-13.651545,0.584939,-0.678412,-1.972740
-9.955302,-0.965066,0.211333,-1.975352,-3.072178,-3.067019,3.120482,-1.309728,-13.719386,0.387665,-0.656384,-1.973720
-9.934168,-1.162601,0.250529,-1.970765,-2.760130,-3.197991,3.264707,-1.142165,-13.785024,0.190293,-0.634576,-1.974372
-9.909116,-1.359677,0.289625,-1.965400,-2.433659,-3.312208,3.402779,-0.953765,-13.848482,-0.007144,-0.612991,-1.974704
-9.880153,-1.556217,0.328608,-1.959260,-2.093381,-3.407584,3.531704,-0.743381,-13.909781,-0.204615,-0.591631,-1.974727
-9.847292,-1.752143,0.367460,-1.952347,-1.740211,-3.481922,3.647922,-0.510264,-13.968944,-0.402087,-0.570499,-1.974448
-9.810546,-1.947378,0.406168,-1.944664,-1.375419,-3.532949,3.747320,-0.254269,-14.025994,-0.599532,-0.549595,-1.973878
-9.769929,-2.141844,0.444716,-1.936213,-1.000687,-3.558376,3.825311,0.023914,-14.080954,-0.796920,-0.528922,-1.973024
-9.725458,-2.335466,0.483088,-1.926998,-0.618156,-3.555984,3.876997,0.322513,-14.133846,-0.994222,-0.508480,-1.971895
-9.677149,-2.528166,0.521270,-1.917023,-0.230456,-3.523733,3.897456,0.638451,-14.184694,-1.191412,-0.488270,-1.970500
-9.625022,-2.719868,0.559246,-1.906292,0.159290,-3.459888,3.882131,0.967208,-14.233521,-1.388462,-0.468294,-1.968847
-9.569098,-2.910497,0.597001,-1.894808,0.547503,-3.363167,3.827318,1.302817,-14.280350,-1.585346,-0.448552,-1.966944
-9.509397,-3.099978,0.634521,-1.882577,0.930235,-3.232885,3.730686,1.638063,-14.325205,-1.782041,-0.429045,-1.964799
-9.445945,-3.288236,0.671790,-1.869603,1.303303,-3.069079,3.591733,1.964901,-14.368110,-1.978521,-0.409771,-1.962420
-9.378766,-3.475196,0.708795,-1.855892,1.662476,-2.872589,3.412067,2.275078,-14.409087,-2.174763,-0.390733,-1.959815
-9.307887,-3.660785,0.745520,-1.841448,2.003683,-2.645081,3.195436,2.560855,-14.448160,-2.370744,-0.371928,-1.956991
-9.233335,-3.844930,0.781951,-1.826277,2.323227,-2.388996,2.947450,2.815706,-14.485353,-2.566443,-0.353358,-1.953957
-9.155140,-4.027558,0.818074,-1.810386,2.617972,-2.107425,2.675057,3.034856,-14.520689,-2.761839,-0.335022,-1.950718
-9.073332,-4.208596,0.853874,-1.793781,2.885477,-1.803940,2.385865,3.215553,-14.554191,-2.956911,-0.316918,-1.947284
-8.987945,-4.387974,0.889337,-1.776467,3.124064,-1.482384,2.087464,3.357063,-14.585883,-3.151639,-0.299047,-1.943659
-8.899011,-4.565621,0.924449,-1.758453,3.332810,-1.146678,1.786846,3.460425,-14.615788,-3.346005,-0.281407,-1.939852
-8.806566,-4.741466,0.959197,-1.739745,3.511495,-0.800636,1.490012,3.528047,-14.643928,-3.539990,-0.263998,-1.935868
-8.710647,-4.915441,0.993566,-1.720350,3.660496,-0.447831,1.201774,3.563263,-14.670328,-3.733577,-0.246817,-1.931716
-8.611290,-5.087476,1.027543,-1.700277,3.780674,-0.091505,0.925723,3.569904,-14.695010,-3.926749,-0.229865,-1.927400
-8.508536,-5.257504,1.061115,-1.679532,3.873246,0.265486,0.664323,3.551952,-14.717996,-4.119489,-0.213140,-1.922927
-8.402424,-5.425457,1.094268,-1.658125,3.939678,0.620681,0.419066,3.513284,-14.739310,-4.311781,-0.196641,-1.918303
-8.292998,-5.591269,1.126990,-1.636064,3.981585,0.972009,0.190667,3.457502,-14.758974,-4.503612,-0.180365,-1.913534
-8.180299,-5.754876,1.159267,-1.613356,4.000652,1.317760,-0.020760,3.387841,-14.777011,-4.694965,-0.164311,-1.908626
-8.064372,-5.916211,1.191087,-1.590013,3.998576,1.656544,-0.215535,3.307132,-14.793442,-4.885828,-0.148478,-1.903585
-7.945263,-6.075213,1.222437,-1.566041,3.977022,1.987257,-0.394274,3.217806,-14.808290,-5.076186,-0.132864,-1.898415
-7.823019,-6.231817,1.253305,-1.541452,3.937595,2.309037,-0.557784,3.121913,-14.821576,-5.266028,-0.117467,-1.893123
-7.697689,-6.385962,1.283678,-1.516255,3.881816,2.621229,-0.706979,3.021161,-14.833323,-5.455340,-0.102286,-1.887713
-7.569321,-6.537587,1.313545,-1.490459,3.811118,2.923345,-0.842820,2.916959,-14.843551,-5.644111,-0.087318,-1.882191
-7.437967,-6.686633,1.342894,-1.464075,3.726836,3.215041,-0.966272,2.810459,-14.852283,-5.832330,-0.072561,-1.876560
-7.303677,-6.833041,1.371713,-1.437113,3.630209,3.496087,-1.078277,2.702593,-14.859539,-6.019986,-0.058013,-1.870827
-7.166506,-6.976752,1.399991,-1.409583,3.522382,3.766346,-1.179738,2.594109,-14.865341,-6.207069,-0.043673,-1.864996
-7.026507,-7.117710,1.427716,-1.381498,3.404408,4.025757,-1.271500,2.485605,-14.869708,-6.393569,-0.029539,-1.859070
-6.883735,-7.255860,1.454879,-1.352867,3.277258,4.274317,-1.354353,2.377553,-14.872662,-6.579476,-0.015607,-1.853055
-6.738247,-7.391147,1.481467,-1.323703,3.141822,4.512073,-1.429027,2.270323,-14.874223,-6.764781,-0.001876,-1.846955,-5.617545,-6.161855,1.235082,-1.103556,-7.858949,-8.620439,1.727851,-1.543849
-6.590101,-7.523517,1.507471,-1.294016,2.998920,4.739105,-1.496191,2.164199,-14.874410,-6.949477,0.011655,-1.840773,-5.494037,-6.272211,1.268317,-1.065614,-7.686164,-8.774824,1.751148,-1.517253
-6.439354,-7.652919,1.532880,-1.263818,2.849301,4.955525,-1.556458,2.059400,-14.873245,-7.133554,0.024991,-1.834515,-5.367205,-6.378772,1.300816,-1.026989,-7.511049,-8.926549,1.773901,-1.490212
-6.286066,-7.779301,1.557684,-1.233121,2.693655,5.161465,-1.610385,1.956087,-14.870746,-7.317006,0.038131,-1.828182,-5.237124,-6.481471,1.332589,-0.987666,-7.333659,-9.075570,1.796095,-1.462747
-6.130297,-7.902613,1.581874,-1.201938,2.532616,5.357073,-1.658479,1.854379,-14.866933,-7.499824,0.051080,-1.821780,-5.103865,-6.580238,1.363642,-0.947628,-7.154050,-9.221845,1.817714,-1.434881
-5.972110,-8.022806,1.605440,-1.170280,2.366769,5.542511,-1.701202,1.754358,-14.861825,-7.682002,0.063839,-1.815312,-4.967501,-6.675000,1.393977,-0.906857,-6.972278,-9.365333,1.838745,-1.406636
-5.811566,-8.139834,1.628373,-1.138160,2.196648,5.717947,-1.738970,1.656076,-14.855441,-7.863533,0.076410,-1.808782,-4.828103,-6.765686,1.423597,-0.865335,-6.788404,-9.505997,1.859173,-1.378035
-5.648728,-8.253650,1.650663,-1.105591,2.022751,5.883555,-1.772163,1.559564,-14.847800,-8.044411,0.088795,-1.802192,-4.685743,-6.852220,1.452502,-0.823042,-6.602487,-9.643800,1.878989,-1.349103
-5.483662,-8.364210,1.672301,-1.072586,1.845535,6.039511,-1.801123,1.464835,-14.838920,-8.224630,0.100998,-1.795546,-4.540493,-6.934524,1.480687,-0.779958,-6.414588,-9.778711,1.898180,-1.319864
-5.316432,-8.471468,1.693280,-1.039157,1.665423,6.185995,-1.826160,1.371886,-14.828820,-8.404185,0.113020,-1.788847,-4.392424,-7.012520,1.508149,-0.736060,-6.224770,-9.910697,1.916738,-1.290341
-5.147104,-8.575384,1.713591,-1.005318,1.482807,6.323183,-1.847555,1.280704,-14.817518,-8.583070,0.124863,-1.782099,-4.241609,-7.086126,1.534878,-0.691328,-6.033096,-10.039731,1.934656,-1.260560
-4.975745,-8.675916,1.733226,-0.971082,1.298051,6.451254,-1.865564,1.191266,-14.805032,-8.761280,0.136530,-1.775304,-4.088122,-7.155259,1.560865,-0.645739,-5.839630,-10.165787,1.951925,-1.230544
-4.802422,-8.773024,1.752177,-0.936463,1.111495,6.570380,-1.880417,1.103544,-14.791379,-8.938810,0.148023,-1.768464,-3.932035,-7.219832,1.586097,-0.599270,-5.644438,-10.288841,1.968542,-1.200319
-4.627205,-8.866670,1.770436,-0.901473,0.923453,6.680735,-1.892324,1.017505,-14.776577,-9.115656,0.159344,-1.761584,-3.773426,-7.279759,1.610558,-0.551898,-5.447584,-10.408873,1.984501,-1.169909
-4.450161,-8.956817,1.787997,-0.866129,0.734221,6.782485,-1.901474,0.933111,-14.760642,-9.291815,0.170496,-1.754665,-3.612370,-7.334949,1.634232,-0.503600,-5.249133,-10.525864,1.999800,-1.139337
-4.271361,-9.043430,1.804853,-0.830442,0.544073,6.875796,-1.908039,0.850321,-14.743593,-9.467281,0.181480,-1.747710,-3.448947,-7.385309,1.657097,-0.454352,-5.049154,-10.639798,2.014436,-1.108628
-4.090876,-9.126474,1.820996,-0.794427,0.353269,6.960828,-1.912175,0.769095,-14.725445,-9.642052,0.192300,-1.740722,-3.283237,-7.430744,1.679133,-0.404130,-4.847710,-10.750661,2.028409,-1.077806
-3.908776,-9.205917,1.836421,-0.758098,0.162052,7.037738,-1.914024,0.689390,-14.706215,-9.816125,0.202957,-1.733703,-3.115324,-7.471157,1.700312,-0.352911,-4.644869,-10.858441,2.041719,-1.046892
-3.725134,-9.281727,1.851121,-0.721470,-0.029350,7.106677,-1.913716,0.611162,-14.685919,-9.989495,0.213453,-1.726655,-2.945292,-7.506448,1.720609,-0.300671,-4.440697,-10.963131,2.054368,-1.015910
-3.540022,-9.353874,1.865091,-0.684557,-0.220722,7.167793,-1.911365,0.534369,-14.664574,-10.162160,0.223791,-1.719580,-2.773231,-7.536516,1.739992,-0.247385,-4.235260,-11.064722,2.066357,-0.984882
-3.353513,-9.422330,1.878325,-0.647374,-0.411859,7.221230,-1.907079,0.458967,-14.642195,-10.334118,0.233973,-1.712481,-2.599232,-7.561254,1.758429,-0.193028,-4.028625,-11.163210,2.077689,-0.953830
-3.165681,-9.487067,1.890818,-0.609935,-0.602567,7.267127,-1.900954,0.384916,-14.618798,-10.505367,0.244001,-1.705360,-2.423389,-7.580557,1.775883,-0.137576,-3.820856,-11.258593,2.088369,-0.922774
-2.976599,-9.548061,1.902564,-0.572256,-0.792662,7.305618,-1.893076,0.312173,-14.594397,-10.675903,0.253877,-1.698219,-2.245801,-7.594314,1.792316,-0.081003,-3.612019,-11.350870,2.098401,-0.891734
-2.786342,-9.605286,1.913560,-0.534350,-0.981969,7.336835,-1.883525,0.240698,-14.569010,-10.845724,0.263604,-1.691060,-2.066569,-7.602415,1.807686,-0.023284,-3.402179,-11.440044,2.107791,-0.860731
-2.594986,-9.658721,1.923801,-0.496233,-1.170322,7.360905,-1.872371,0.170454,-14.542649,-11.014830,0.273183,-1.683884,-1.885801,-7.604743,1.821946,0.035608,-3.191400,-11.526117,2.116545,-0.829784
-2.402606,-9.708345,1.933283,-0.457920,-1.357559,7.377951,-1.859680,0.101401,-14.515331,-11.183219,0.282617,-1.676693,-1.703606,-7.601182,1.835049,0.095698,-2.979745,-11.609095,2.124669,-0.798910
-2.209278,-9.754137,1.942001,-0.419426,-1.543527,7.388091,-1.845510,0.033503,-14.487069,-11.350888,0.291908,-1.669489,-1.520101,-7.591612,1.846940,0.157015,-2.767278,-11.688986,2.132172,-0.768127
-2.015078,-9.796079,1.949954,-0.380766,-1.728078,7.391441,-1.829913,-0.033274,-14.457879,-11.517837,0.301057,-1.662275,-1.335407,-7.575911,1.857563,0.219585,-2.554061,-11.765799,2.139060,-0.737453
-1.820082,-9.834156,1.957137,-0.341956,-1.911069,7.388114,-1.812936,-0.098964,-14.427773,-11.684065,0.310067,-1.655050,-1.149651,-7.553952,1.866856,0.283437,-2.340155,-11.839544,2.145342,-0.706904
-1.624369,-9.868351,1.963547,-0.303011,-2.092363,7.378217,-1.794622,-0.163600,-14.396766,-11.849570,0.318940,-1.647818,-0.962965,-7.525609,1.874752,0.348600,-2.125621,-11.910235,2.151028,-0.676495
-1.428014,-9.898653,1.969183,-0.263946,-2.271825,7.361857,-1.775008,-0.227212,-14.364872,-12.014351,0.327678,-1.640579,-0.775490,-7.490749,1.881178,0.415103,-1.910518,-11.977884,2.156126,-0.646241
-1.231096,-9.925047,1.974042,-0.224776,-2.449326,7.339136,-1.754126,-0.289828,-14.332104,-12.178409,0.336283,-1.633335,-0.587372,-7.449238,1.886056,0.482976,-1.694906,-12.042508,2.160646,-0.616157
-1.033691,-9.947525,1.978121,-0.185518,-2.624739,7.310153,-1.732006,-0.351478,-14.298476,-12.341743,0.344757,-1.626087,-0.398767,-7.400941,1.889303,0.552250,-1.478841,-12.104124,2.164598,-0.586255
-0.835879,-9.966077,1.981420,-0.146186,-2.797939,7.275005,-1.708674,-0.412187,-14.264000,-12.504351,0.353101,-1.618837,-0.209836,-7.345716,1.890824,0.622956,-1.262381,-12.162749,2.167992,-0.556549
-0.637737,-9.980695,1.983937,-0.106796,-2.968807,7.233787,-1.684150,-0.471979,-14.228690,-12.666235,0.361319,-1.611585,-0.020754,-7.283420,1.890521,0.695124,-1.045582,-12.218404,2.170840,-0.527052
-0.439344,-9.991375,1.985671,-0.067364,-3.137222,7.186589,-1.658455,-0.530879,-14.192558,-12.827394,0.369410,-1.604334,0.168298,-7.213908,1.888286,0.768787,-0.828498,-12.271109,2.173151,-0.497773
-0.240777,-9.998111,1.986621,-0.027905,-3.303067,7.133501,-1.631602,-0.588908,-14.155617,-12.987827,0.377379,-1.597083,0.357127,-7.137029,1.883999,0.843975,-0.611183,-12.320887,2.174936,-0.468725
-0.042115,-10.000902,1.986787,0.011565,-3.466227,7.074610,-1.603604,-0.646087,-14.117879,-13.147535,0.385225,-1.589835,0.545527,-7.052632,1.877532,0.920719,-0.393689,-12.367759,2.176208,-0.439918
0.156564,-9.999745,1.986169,0.051031,-3.626588,7.010001,-1.574470,-0.702434,-14.079357,-13.306519,0.392952,-1.582591,0.733280,-6.960560,1.868744,0.999049,-0.176068,-12.411751,2.176976,-0.411361
0.355181,-9.994642,1.984767,0.090477,-3.784035,6.939758,-1.544207,-0.757966,-14.040062,-13.464778,0.400560,-1.575351,0.920154,-6.860655,1.857482,1.078993,0.041629,-12.452887,2.177253,-0.383064
0.553658,-9.985594,1.982582,0.129888,-3.938455,6.863961,-1.512818,-0.812700,-14.000006,-13.622313,0.408052,-1.568117,1.105902,-6.752755,1.843578,1.160579,0.259355,-12.491194,2.177051,-0.355035
0.751916,-9.972606,1.979615,0.169247,-4.089737,6.782691,-1.480306,-0.866651,-13.959200,-13.779125,0.415430,-1.560888,1.290260,-6.636698,1.826849,1.243828,0.477060,-12.526697,2.176380,-0.327281
0.949878,-9.955681,1.975866,0.208540,-4.237768,6.696026,-1.446668,-0.919830,-13.917657,-13.935214,0.422695,-1.553668,1.472945,-6.512315,1.807094,1.328761,0.694698,-12.559425,2.175252,-0.299811
1.147464,-9.934827,1.971337,0.247751,-4.382434,6.604043,-1.411901,-0.972249,-13.875388,-14.090580,0.429849,-1.546455,1.653654,-6.379439,1.784093,1.415392,0.912223,-12.589406,2.173680,-0.272630
1.344598,-9.910052,1.966030,0.286864,-4.523625,6.506818,-1.375998,-1.023919,-13.832403,-14.245226,0.436893,-1.539252,1.832064,-6.237899,1.757603,1.503730,1.129591,-12.616669,2.171675,-0.245746
1.541201,-9.881366,1.959947,0.325864,-4.661224,6.404426,-1.338951,-1.074846,-13.788714,-14.399151,0.443830,-1.532058,2.007824,-6.087526,1.727360,1.593772,1.346758,-12.641244,2.169249,-0.219164
1.737196,-9.848779,1.953091,0.364736,-4.795119,6.296942,-1.300750,-1.125038,-13.744331,-14.552357,0.450660,-1.524876,2.180560,-5.928149,1.693074,1.685509,1.563683,-12.663160,2.166413,-0.192889
1.932505,-9.812305,1.945463,0.403465,-4.925194,6.184438,-1.261379,-1.174499,-13.699265,-14.704844,0.457386,-1.517704,2.349867,-5.759598,1.654423,1.778914,1.780325,-12.682449,2.163180,-0.166926
2.127051,-9.771959,1.937068,0.442034,-5.051332,6.066988,-1.220825,-1.223232,-13.653526,-14.856615,0.464009,-1.510545,2.515310,-5.581707,1.611059,1.873946,1.996643,-12.699142,2.159561,-0.141280
2.320758,-9.727756,1.927908,0.480429,-5.173415,5.944665,-1.179068,-1.271239,-13.607125,-15.007669,0.470530,-1.503398,2.676416,-5.394312,1.562594,1.970540,2.212599,-12.713270,2.155567,-0.115954
2.513549,-9.679713,1.917987,0.518634,-5.291322,5.817541,-1.136088,-1.318517,-13.560072,-15.158009,0.476952,-1.496265,2.832675,-5.197258,1.508606,2.068606,2.428155,-12.724865,2.151211,-0.090952
2.705347,-9.627849,1.907309,0.556635,-5.404930,5.685689,-1.091861,-1.365063,-13.512377,-15.307636,0.483275,-1.489146,2.983536,-4.990398,1.448632,2.168022,2.643276,-12.733961,2.146503,-0.066277
2.896078,-9.572186,1.895878,0.594417,-5.514117,5.549183,-1.046363,-1.410874,-13.464050,-15.456550,0.489502,-1.482042,3.128399,-4.773596,1.382164,2.268624,2.857927,-12.740588,2.141456,-0.041932
3.085666,-9.512744,1.883699,0.631964,-5.618753,5.408096,-0.999565,-1.455940,-13.415100,-15.604754,0.495633,-1.474953,3.266615,-4.546733,1.308647,2.370199,3.072072,-12.744781,2.136080,-0.017918
3.274036,-9.449548,1.870776,0.669262,-5.718709,5.262501,-0.951435,-1.500252,-13.365536,-15.752250,0.501670,-1.467879,3.397480,-4.309713,1.227477,2.472475,3.285680,-12.746573,2.130388,0.005763
3.461114,-9.382622,1.857115,0.706296,-5.813853,5.112476,-0.901942,-1.543797,-13.315369,-15.899038,0.507615,-1.460822,3.520228,-4.062466,1.137999,2.575104,3.498719,-12.745997,2.124388,0.029108
3.646825,-9.311992,1.842721,0.743051,-5.904047,4.958097,-0.851047,-1.586559,-13.264608,-16.045120,0.513468,-1.453782,3.634027,-3.804956,1.039506,2.677647,3.711158,-12.743086,2.118094,0.052117
3.831097,-9.237687,1.827599,0.779513,-5.989152,4.799441,-0.798712,-1.628520,-13.213261,-16.190498,0.519232,-1.446758,3.737978,-3.537191,0.931243,2.779560,3.922967,-12.737874,2.111515,0.074789
4.013857,-9.159736,1.811756,0.815668,-6.069023,4.636589,-0.744896,-1.669656,-13.161338,-16.335174,0.524908,-1.439753,3.831102,-3.259235,0.812408,2.880164,4.134119,-12.730395,2.104663,0.097124
4.195033,-9.078169,1.795197,0.851501,-6.143512,4.469623,-0.689551,-1.709943,-13.108847,-16.479149,0.530497,-1.432765,3.912343,-2.971218,0.682162,2.978624,4.344585,-12.720683,2.097547,0.119121
4.374552,-8.993019,1.777930,0.886998,-6.212468,4.298629,-0.632631,-1.749349,-13.055797,-16.622426,0.536000,-1.425797,3.980559,-2.673356,0.539645,3.073918,4.554340,-12.708771,2.090178,0.140780
4.552345,-8.904319,1.759961,0.922145,-6.275731,4.123694,-0.574082,-1.787842,-13.002197,-16.765005,0.541418,-1.418846,4.034524,-2.365964,0.384001,3.164803,4.763358,-12.694693,2.082567,0.162102
4.728341,-8.812104,1.741297,0.956929,-6.333139,3.944910,-0.513850,-1.825383,-12.948055,-16.906890,0.546754,-1.411916,4.072924,-2.049484,0.214403,3.249782,4.971614,-12.678483,2.074722,0.183087
4.902471,-8.716412,1.721946,0.991335,-6.384524,3.762371,-0.451875,-1.861926,-12.893380,-17.048082,0.552007,-1.405004,4.094364,-1.724506,0.030113,3.327067,5.179087,-12.660174,2.066655,0.203737
5.074666,-8.617278,1.701915,1.025349,-6.429711,3.576179,-0.388095,-1.897421,-12.838179,-17.188582,0.557181,-1.398113,4.097376,-1.391799,-0.169467,3.394547,5.385752,-12.639800,2.058373,0.224051
5.244857,-8.514743,1.681212,1.058959,-6.468521,3.386437,-0.322443,-1.931814,-12.782461,-17.328393,0.562274,-1.391242,4.080429,-1.052344,-0.384697,3.449762,5.591589,-12.617395,2.049888,0.244033
5.412978,-8.408847,1.659845,1.092152,-6.500765,3.193255,-0.254848,-1.965039,-12.726234,-17.467517,0.567290,-1.384391,4.041959,-0.707368,-0.615599,3.489897,5.796578,-12.592992,2.041208,0.263683
5.578963,-8.299632,1.637823,1.124913,-6.526250,2.996751,-0.185235,-1.997027,-12.669505,-17.605957,0.572229,-1.377561,3.980399,-0.358378,-0.861723,3.511798,6.000699,-12.566624,2.032342,0.283003
5.742745,-8.187141,1.615154,1.157230,-6.544773,2.797049,-0.113525,-2.027696,-12.612282,-17.743713,0.577091,-1.370752,3.894227,-0.007199,-1.121992,3.512035,6.203933,-12.538324,2.023300,0.301994
5.904260,-8.071418,1.591848,1.189091,-6.556126,2.594279,-0.039633,-2.056958,-12.554573,-17.880788,0.581879,-1.363965,3.782028,0.344005,-1.394546,3.487013,6.406263,-12.508124,2.014088,0.320660
6.063445,-7.952509,1.567913,1.220483,-6.560089,2.388583,0.036527,-2.084712,-12.496385,-18.017184,0.586594,-1.357199,3.642573,0.692706,-1.676585,3.433156,6.607672,-12.476058,2.004717,0.339002
6.220237,-7.830460,1.543360,1.251393,-6.556436,2.180112,0.115051,-2.110846,-12.437726,-18.152904,0.591236,-1.350454,3.474915,1.036022,-1.964262,3.347175,6.808144,-12.442158,1.995194,0.357023
6.374573,-7.705321,1.518197,1.281809,-6.544931,1.969027,0.196034,-2.135234,-12.378602,-18.287950,0.595807,-1.343732,3.278488,1.370739,-2.252645,3.226395,7.007663,-12.406456,1.985527,0.374725
6.526392,-7.577140,1.492434,1.311719,-6.525328,1.755504,0.279579,-2.157735,-12.319021,-18.422323,0.600307,-1.337031,3.053224,1.693379,-2.535805,3.069146,7.206216,-12.368983,1.975723,0.392112
6.675636,-7.445968,1.466082,1.341112,-6.497370,1.539730,0.365794,-2.178191,-12.258991,-18.556026,0.604738,-1.330353,2.799643,2.000293,-2.807060,2.875138,7.403788,-12.329772,1.965792,0.409185
6.822244,-7.311857,1.439152,1.369975,-6.460791,1.321911,0.454787,-2.196426,-12.198517,-18.689061,0.609101,-1.323698,2.518937,2.287807,-3.059380,2.645766,7.600367,-12.288853,1.955739,0.425948
6.966159,-7.174859,1.411653,1.398298,-6.415312,1.102269,0.546675,-2.212241,-12.137607,-18.821431,0.613397,-1.317065,2.212999,2.552384,-3.285934,2.384258,7.795941,-12.246259,1.945572,0.442404
7.107324,-7.035030,1.383597,1.426069,-6.360644,0.881045,0.641573,-2.225413,-12.076267,-18.953138,0.617626,-1.310454,1.884406,2.790809,-3.480689,2.095601,7.990499,-12.202018,1.935299,0.458557
7.245684,-6.892423,1.354994,1.453277,-6.296487,0.658503,0.739603,-2.235695,-12.014504,-19.084183,0.621791,-1.303867,1.536337,3.000370,-3.638977,1.786227,8.184028,-12.156162,1.924925,0.474408
7.381183,-6.747095,1.325857,1.479911,-6.222527,0.434934,0.840885,-2.242804,-11.952325,-19.214570,0.625891,-1.297302,1.172439,3.178992,-3.757897,1.463491,8.376521,-12.108722,1.914457,0.489963
7.513769,-6.599104,1.296196,1.505961,-6.138438,0.210653,0.945540,-2.246427,-11.889736,-19.344300,0.629927,-1.290761,0.796650,3.325341,-3.836491,1.135043,8.567967,-12.059725,1.903902,0.505223
7.643389,-6.448508,1.266023,1.531417,-6.043884,-0.013989,1.053684,-2.246209,-11.826744,-19.473376,0.633902,-1.284243,0.413001,3.438846,-3.875663,0.808207,8.758357,-12.009203,1.893266,0.520193
7.769991,-6.295366,1.235350,1.556269,-5.938516,-0.238610,1.165429,-2.241753,-11.763353,-19.601800,0.637815,-1.277748,0.025434,3.519666,-3.877896,0.489462,8.947683,-11.957184,1.882555,0.534877
7.893526,-6.139739,1.204190,1.580506,-5.821973,-0.462785,1.280879,-2.232613,-11.699572,-19.729575,0.641667,-1.271276,-0.362355,3.568613,-3.846830,0.184114,9.135939,-11.903696,1.871774,0.549276
8.013945,-5.981689,1.172554,1.604119,-5.693885,-0.686047,1.400120,-2.218284,-11.635405,-19.856703,0.645460,-1.264828,-0.747038,3.587024,-3.786803,-0.103856,9.323116,-11.848768,1.860930,0.563396
8.131200,-5.821277,1.140455,1.627100,-5.553873,-0.907875,1.523222,-2.198201,-11.570859,-19.983185,0.649194,-1.258403,-1.125719,3.576638,-3.702432,-0.371768,9.509209,-11.792429,1.850026,0.577241
8.245246,-5.658567,1.107906,1.649438,-5.401551,-1.127695,1.650222,-2.171730,-11.505940,-20.109026,0.652871,-1.252002,-1.495962,3.539462,-3.598273,-0.618108,9.694212,-11.734705,1.839070,0.590812
8.356036,-5.493623,1.074919,1.671124,-5.236529,-1.344868,1.781121,-2.138159,-11.440653,-20.234226,0.656490,-1.245625,-1.855789,3.477651,-3.478585,-0.842327,9.878119,-11.675623,1.828066,0.604115
8.463528,-5.326511,1.041508,1.692152,-5.058416,-1.558684,1.915867,-2.096689,-11.375004,-20.358788,0.660053,-1.239271,-2.203648,3.393418,-3.347180,-1.044627,10.060926,-11.615212,1.817018,0.617154
8.567679,-5.157295,1.007685,1.712511,-4.866830,-1.768353,2.054339,-2.046430,-11.308998,-20.482716,0.663560,-1.232941,-2.538366,3.288955,-3.207365,-1.225747,10.242627,-11.553496,1.805931,0.629931
8.668448,-4.986044,0.973465,1.732194,-4.661396,-1.972996,2.196327,-1.986390,-11.242642,-20.606010,0.667014,-1.226635,-2.859102,3.166381,-3.061926,-1.386788,10.423220,-11.490503,1.794810,0.642451
8.765794,-4.812825,0.938860,1.751194,-4.441763,-2.171635,2.341507,-1.915475,-11.175941,-20.728673,0.670413,-1.220352,-3.165295,3.027702,-2.913160,-1.529066,10.602701,-11.426258,1.783660,0.654717
8.859680,-4.637705,0.903885,1.769502,-4.207612,-2.363183,2.489406,-1.832480,-11.108900,-20.850708,0.673759,-1.214093,-3.456611,2.874795,-2.762921,-1.654001,10.781067,-11.360787,1.772483,0.666733
8.950069,-4.460755,0.868553,1.787112,-3.958672,-2.546431,2.639369,-1.736096,-11.041524,-20.972118,0.677053,-1.207858,-3.732903,2.709395,-2.612677,-1.763039,10.958316,-11.294113,1.761286,0.678503
9.036924,-4.282044,0.832877,1.804016,-3.694735,-2.720040,2.790508,-1.624919,-10.973818,-21.092903,0.680295,-1.201647,-3.994170,2.533091,-2.463570,-1.857594,11.134444,-11.226263,1.750070,0.690031
9.120212,-4.101642,0.796873,1.820209,-3.415684,-2.882532,2.941652,-1.497469,-10.905789,-21.213068,0.683487,-1.195459,-4.240527,2.347332,-2.316472,-1.939015,11.309451,-11.157260,1.738840,0.701321
9.199899,-3.919622,0.760554,1.835682,-3.121519,-3.032279,3.091287,-1.352230,-10.837440,-21.332614,0.686629,-1.189295,-4.472175,2.153430,-2.172029,-2.008564,11.483335,-11.087128,1.727600,0.712376
9.275954,-3.736053,0.723935,1.850431,-2.812390,-3.167502,3.237491,-1.187705,-10.768777,-21.451543,0.689721,-1.183155,-4.689377,1.952574,-2.030713,-2.067405,11.656095,-11.015890,1.716353,0.723199
9.348348,-3.551010,0.687030,1.864450,-2.488641,-3.286273,3.377871,-1.002499,-10.699805,-21.569859,0.692765,-1.177039,-4.892449,1.745833,-1.892850,-2.116601,11.827731,-10.943570,1.705103,0.733796
9.417051,-3.364565,0.649854,1.877732,-2.150854,-3.386522,3.509507,-0.795442,-10.630529,-21.687563,0.695761,-1.170946,-5.081734,1.534173,-1.758653,-2.157118,11.998241,-10.870191,1.693851,0.744168
9.482036,-3.176792,0.612420,1.890274,-1.799903,-3.466067,3.628922,-0.565743,-10.560952,-21.804658,0.698710,-1.164877,-5.257599,1.318462,-1.628250,-2.189823,12.167626,-10.795774,1.682603,0.754321,7.928267,-2.656228,0.512071,1.580540,11.035806,-3.697355,0.712770,2.200007
9.543278,-2.987765,0.574746,1.902069,-1.437011,-3.522641,3.732089,-0.313187,-10.491081,-21.921145,0.701612,-1.158832,-5.420424,1.099479,-1.501699,-2.215498,12.335886,-10.720342,1.671359,0.764258,7.979474,-2.498174,0.464144,1.595545,11.107083,-3.477355,0.678995,2.210581
9.600753,-2.797558,0.536844,1.913113,-1.063802,-3.553960,3.814500,-0.038365,-10.420920,-22.037029,0.704469,-1.152811,-5.570594,0.877929,-1.379006,-2.234840,12.503022,-10.643916,1.660124,0.773982,8.025888,-2.338620,0.415891,1.609605,11.174982,-3.256297,0.645033,2.220478
9.654437,-2.606246,0.498730,1.923402,-0.682352,-3.557796,3.871322,0.257087,-10.350473,-22.152310,0.707280,-1.146813,-5.708495,0.654445,-1.260139,-2.248474,12.669035,-10.566518,1.648899,0.783496,8.067477,-2.177659,0.367295,1.622722,11.239485,-3.034249,0.610908,2.229690
9.704310,-2.413906,0.460419,1.932932,-0.295220,-3.532087,3.897666,0.570263,-10.279745,-22.266991,0.710046,-1.140838,-5.834509,0.429598,-1.145036,-2.256957,12.833925,-10.488168,1.637688,0.792805,8.104207,-2.015387,0.318340,1.634894,11.300576,-2.811280,0.576648,2.238214
9.750352,-2.220613,0.421927,1.941698,0.094547,-3.475061,3.888963,0.896839,-10.208741,-22.381075,0.712769,-1.134887,-5.949012,0.203902,-1.033615,-2.260784,12.997693,-10.408888,1.626493,0.801912,8.136041,-1.851898,0.269010,1.646118,11.358241,-2.587458,0.542279,2.246046
9.792545,-2.026443,0.383268,1.949698,0.483443,-3.385377,3.841433,1.231058,-10.137464,-22.494563,0.715448,-1.128960,-6.052374,-0.022176,-0.925777,-2.260397,13.160343,-10.328697,1.615316,0.810821,8.162942,-1.687286,0.219287,1.656387,11.412469,-2.362854,0.507828,2.253182
9.830872,-1.831473,0.344457,1.956928,0.867586,-3.262271,3.752598,1.565903,-10.065919,-22.607459,0.718085,-1.123056,-6.144951,-0.248216,-0.821416,-2.256191,13.321874,-10.247614,1.604159,0.819534,8.184871,-1.521647,0.169154,1.665694,11.463252,-2.137536,0.473320,2.259623
9.865317,-1.635781,0.305510,1.963386,1.242846,-3.105681,3.621741,1.893490,-9.994110,-22.719765,0.720679,-1.117175,-6.227093,-0.473835,-0.720418,-2.248516,13.482290,-10.165661,1.593024,0.828056,8.201786,-1.355078,0.118594,1.674027,11.510584,-1.911573,0.438783,2.265368
9.895868,-1.439442,0.266443,1.969069,1.605020,-2.916332,3.450203,2.205654,-9.922043,-22.831482,0.723232,-1.111318,-6.299135,-0.698686,-0.622666,-2.237684,13.641593,-10.082855,1.581914,0.836389,8.213645,-1.187675,0.067591,1.681372,11.554462,-1.685036,0.404241,2.270418
9.922513,-1.242535,0.227271,1.973974,1.950040,-2.695767,3.241439,2.494657,-9.849719,-22.942614,0.725744,-1.105483,-6.361401,-0.922455,-0.528043,-2.223973,13.799784,-9.999216,1.570830,0.844538,8.220405,-1.019538,0.016130,1.687716,11.594886,-1.457995,0.369721,2.274777
9.945240,-1.045138,0.188009,1.978100,2.274184,-2.446301,3.000781,2.753881,-9.777145,-23.053163,0.728215,-1.099673,-6.414206,-1.144852,-0.436431,-2.207633,13.956867,-9.914763,1.559774,0.852504,8.222018,-0.850766,-0.035806,1.693038,11.631858,-1.230517,0.335248,2.278448
9.964041,-0.847328,0.148672,1.981445,2.574262,-2.170913,2.734942,2.978375,-9.704323,-23.163130,0.730647,-1.093885,-6.457849,-1.365615,-0.347716,-2.188884,14.112844,-9.829512,1.548748,0.860292,8.218437,-0.681463,-0.088230,1.697319,11.665383,-1.002672,0.300845,2.281436
9.978908,-0.649183,0.109277,1.984008,2.847757,-1.873075,2.451371,3.165159,-9.631259,-23.272518,0.733039,-1.088120,-6.492620,-1.584504,-0.261784,-2.167925,14.267719,-9.743483,1.537754,0.867905,8.209614,-0.511731,-0.141158,1.700537,11.695468,-0.774529,0.266538,2.283746
9.989836,-0.450782,0.069839,1.985788,3.092894,-1.556560,2.157577,3.313248,-9.557955,-23.381330,0.735393,-1.082378,-6.518799,-1.801296,-0.178528,-2.144931,14.421495,-9.656693,1.526792,0.875346,8.195498,-0.341677,-0.194602,1.702666,11.722122,-0.546154,0.232348,2.285386
9.996819,-0.252203,0.030373,1.986784,3.308651,-1.225235,1.860549,3.423433,-9.484416,-23.489568,0.737708,-1.076659,-6.536651,-2.015789,-0.097841,-2.120061,14.574174,-9.569158,1.515865,0.882617,8.176038,-0.171410,-0.248575,1.703679,11.745356,-0.317615,0.198300,2.286363
9.999857,-0.053525,-0.009105,1.986995,3.494706,-0.882891,1.566346,3.497911,-9.410645,-23.597234,0.739986,-1.070963,-6.546436,-2.227795,-0.019623,-2.093456,14.725760,-9.480896,1.504974,0.889723,8.151180,-0.001042,-0.303089,1.703548,11.765186,-0.088979,0.164414,2.286687
9.998946,0.145174,-0.048579,1.986422,3.651341,-0.533100,1.279876,3.539842,-9.336646,-23.704330,0.742226,-1.065290,-6.548398,-2.437141,0.056222,-2.065241,14.876258,-9.391924,1.494120,0.896666,8.120872,0.169312,-0.358153,1.702239,11.781628,0.139690,0.130711,2.286366
9.994088,0.343817,-0.088034,1.985064,3.779329,-0.179116,1.004850,3.552934,-9.262424,-23.810859,0.744430,-1.059639,-6.542776,-2.643665,0.129788,-2.035530,15.025670,-9.302257,1.483305,0.903449,8.085056,0.339536,-0.413780,1.699720,11.794699,0.368326,0.097212,2.285411
9.985285,0.542323,-0.127455,1.982923,3.879814,0.176177,0.743854,3.541089,-9.187980,-23.916823,0.746598,-1.054011,-6.529797,-2.847218,0.201160,-2.004423,15.174000,-9.211912,1.472529,0.910075,8.043678,0.509508,-0.469976,1.695954,11.804420,0.596867,0.063935,2.283832
9.972539,0.740615,-0.166824,1.980000,3.954199,0.530286,0.498499,3.508139,-9.113321,-24.022224,0.748730,-1.048405,-6.509681,-3.047661,0.270424,-1.972010,15.321253,-9.120905,1.461794,0.916547,7.996681,0.679104,-0.526752,1.690901,11.810814,0.825250,0.030900,2.281641
9.955857,0.938615,-0.206129,1.976294,4.004049,0.881100,0.269603,3.457668,-9.038448,-24.127065,0.750827,-1.042822,-6.482638,-3.244861,0.337656,-1.938371,15.467433,-9.029250,1.451101,0.922868,7.944005,0.848194,-0.584113,1.684520,11.813904,1.053415,-0.001876,2.278851
9.935244,1.136245,-0.245351,1.971808,4.031009,1.226867,0.057369,3.392915,-8.963365,-24.231347,0.752889,-1.037261,-6.448873,-3.438699,0.402933,-1.903578,15.612543,-8.936963,1.440451,0.929040,7.885594,1.016646,-0.642067,1.676767,11.813716,1.281300,-0.034376,2.275473
9.910709,1.333426,-0.284477,1.966544,4.036746,1.566158,-0.138450,3.316730,-8.888076,-24.335073,0.754917,-1.031723,-6.408579,-3.629056,0.466325,-1.867696,15.756588,-8.844059,1.429845,0.935067,7.821387,1.184322,-0.700618,1.667595,11.810278,1.508847,-0.066585,2.271520
9.882261,1.530080,-0.323491,1.960504,4.022901,1.897831,-0.318413,3.231567,-8.812584,-24.438245,0.756911,-1.026206,-6.361947,-3.815826,0.527897,-1.830780,15.899572,-8.750553,1.419283,0.940950,7.751326,1.351082,-0.759771,1.656953,11.803620,1.735999,-0.098488,2.267006
9.849912,1.726130,-0.362376,1.953689,3.991060,2.220988,-0.483280,3.139503,-8.736893,-24.540866,0.758872,-1.020712,-6.309157,-3.998904,0.587713,-1.792883,16.041501,-8.656458,1.408766,0.946694,7.675349,1.516777,-0.819530,1.644788,11.793771,1.962700,-0.130070,2.261945
9.813675,1.921499,-0.401119,1.946104,3.942732,2.534938,-0.633932,3.042277,-8.661006,-24.642937,0.760800,-1.015240,-6.250386,-4.178192,0.645832,-1.754048,16.182377,-8.561788,1.398296,0.952299,7.593396,1.681256,-0.879897,1.631042,11.780764,2.188894,-0.161319,2.256349
9.773563,2.116110,-0.439703,1.937750,3.879339,2.839166,-0.771303,2.941329,-8.584926,-24.744461,0.762695,-1.009789,-6.185803,-4.353597,0.702309,-1.714315,16.322207,-8.466558,1.387872,0.957770,7.505406,1.844360,-0.940872,1.615654,11.764632,2.414529,-0.192222,2.250233
9.729592,2.309885,-0.478114,1.928631,3.802208,3.133299,-0.896339,2.837834,-8.508657,-24.845440,0.764559,-1.004361,-6.115572,-4.525028,0.757195,-1.673720,16.460994,-8.370781,1.377497,0.963108,7.411319,2.005926,-1.002456,1.598559,11.745410,2.639552,-0.222767,2.243611
9.681781,2.502748,-0.516335,1.918750,3.712575,3.417082,-1.009967,2.732752,-8.432201,-24.945876,0.766391,-0.998954,-6.039852,-4.692400,0.810540,-1.632292,16.598744,-8.274471,1.367169,0.968317,7.311073,2.165782,-1.064647,1.579688,11.723133,2.863913,-0.252944,2.236498
9.630148,2.694623,-0.554353,1.908112,3.611578,3.690358,-1.113079,2.626853,-8.355562,-25.045771,0.768191,-0.993569,-5.958798,-4.855630,0.862389,-1.590059,16.735461,-8.177639,1.356890,0.973397,7.204608,2.323750,-1.127442,1.558964,11.697839,3.087563,-0.282743,2.228908
9.574712,2.885434,-0.592152,1.896721,3.500270,3.953043,-1.206514,2.520755,-8.278742,-25.145128,0.769961,-0.988205,-5.872560,-5.014636,0.912784,-1.547044,16.871150,-8.080299,1.346660,0.978353,7.091864,2.479647,-1.190835,1.536309,11.669564,3.310454,-0.312155,2.220855
9.515497,3.075106,-0.629717,1.884581,3.379619,4.205118,-1.291055,2.414948,-8.201746,-25.243949,0.771701,-0.982862,-5.781281,-5.169340,0.961765,-1.503265,17.005816,-7.982464,1.336480,0.983185,6.972781,2.633278,-1.254819,1.511637,11.638349,3.532539,-0.341171,2.212354
9.452525,3.263564,-0.667034,1.871698,3.250513,4.446613,-1.367428,2.309816,-8.124576,-25.342235,0.773411,-0.977541,-5.685105,-5.319667,1.009367,-1.458741,17.139464,-7.884145,1.326350,0.987897,6.847299,2.784441,-1.319383,1.484854,11.604232,3.753775,-0.369783,2.203420
9.385822,3.450734,-0.704087,1.858075,3.113770,4.677595,-1.436300,2.205658,-8.047235,-25.439989,0.775091,-0.972242,-5.584168,-5.465541,1.055626,-1.413484,17.272099,-7.785356,1.316271,0.992491,6.715360,2.932927,-1.384517,1.455863,11.567253,3.974117,-0.397986,2.194067
9.315413,3.636541,-0.740862,1.843719,2.970140,4.898161,-1.498282,2.102703,-7.969726,-25.537213,0.776742,-0.966963,-5.478605,-5.606889,1.100571,-1.367505,17.403726,-7.686107,1.306243,0.996969,6.576909,3.078513,-1.450202,1.424557,11.527455,4.193523,-0.425771,2.184309
9.241327,3.820913,-0.777344,1.828635,2.820312,5.108431,-1.553929,2.001125,-7.892052,-25.633910,0.778364,-0.961705,-5.368548,-5.743640,1.144231,-1.320814,17.534350,-7.586410,1.296266,1.001334,6.431889,3.220969,-1.516420,1.390822,11.484878,4.411954,-0.453134,2.174162
9.163593,4.003777,-0.813520,1.812829,2.664919,5.308543,-1.603749,1.901049,-7.814215,-25.730080,0.779958,-0.956469,-5.254125,-5.875721,1.186633,-1.273416,17.663976,-7.486276,1.286340,1.005586,6.280247,3.360051,-1.583146,1.354533,11.439564,4.629371,-0.480070,2.163639
9.082241,4.185060,-0.849374,1.796307,2.504544,5.498648,-1.648202,1.802566,-7.736220,-25.825727,0.781523,-0.951253,-5.135462,-6.003063,1.227799,-1.225316,17.792611,-7.385718,1.276467,1.009729,6.121932,3.495504,-1.650350,1.315558,11.391557,4.845734,-0.506575,2.152754
8.997303,4.364690,-0.884893,1.779077,2.339724,5.678905,-1.687704,1.705735,-7.658067,-25.920852,0.783062,-0.946058,-5.012682,-6.125594,1.267750,-1.176515,17.920257,-7.284745,1.266645,1.013765,5.956897,3.627060,-1.717997,1.273755,11.340900,5.061010,-0.532644,2.141522
8.908814,4.542598,-0.920063,1.761144,2.170953,5.849478,-1.722635,1.610592,-7.579761,-26.015458,0.784572,-0.940883,-4.885907,-6.243246,1.306506,-1.127014,18.046922,-7.183368,1.256876,1.017696,5.785097,3.754436,-1.786042,1.228968,11.287635,5.275162,-0.558275,2.129957
8.816808,4.718712,-0.954869,1.742516,1.998690,6.010538,-1.753336,1.517156,-7.501304,-26.109546,0.786056,-0.935729,-4.755256,-6.355947,1.344082,-1.076812,18.172609,-7.081599,1.247159,1.021523,5.606493,3.877332,-1.854436,1.181031,11.231808,5.488158,-0.583464,2.118072
8.721321,4.892964,-0.989298,1.723200,1.823356,6.162253,-1.780119,1.425428,-7.422698,-26.203119,0.787513,-0.930596,-4.620848,-6.463628,1.380493,-1.025905,18.297325,-6.979446,1.237495,1.025249,5.421049,3.995435,-1.923116,1.129764,11.173462,5.699965,-0.608210,2.105882
8.622391,5.065284,-1.023336,1.703204,1.645344,6.304796,-1.803265,1.335399,-7.343947,-26.296179,0.788944,-0.925483,-4.482799,-6.566219,1.415749,-0.974287,18.421075,-6.876922,1.227884,1.028875,5.228738,4.108412,-1.992009,1.074973,11.112641,5.910553,-0.632512,2.093399
8.520057,5.235604,-1.056971,1.682535,1.465018,6.438336,-1.823029,1.247050,-7.265053,-26.388727,0.790349,-0.920390,-4.341224,-6.663647,1.449860,-0.921952,18.543863,-6.774034,1.218325,1.032404,5.029537,4.215909,-2.061028,1.016448,11.049389,6.119893,-0.656368,2.080638
8.414360,5.403858,-1.090188,1.661203,1.282715,6.563041,-1.839642,1.160356,-7.186018,-26.480766,0.791728,-0.915317,-4.196238,-6.755843,1.482833,-0.868892,18.665696,-6.670794,1.208820,1.035837,4.823434,4.317554,-2.130071,0.953966,10.983753,6.327957,-0.679777,2.067610
8.305341,5.569978,-1.122974,1.639214,1.098751,6.679076,-1.853313,1.075285,-7.106845,-26.572298,0.793082,-0.910264,-4.047955,-6.842732,1.514672,-0.815098,18.786578,-6.567210,1.199367,1.039176,4.610427,4.412950,-2.199016,0.887281,10.915775,6.534718,-0.702739,2.054330
8.193044,5.733900,-1.155317,1.616579,0.913420,6.786605,-1.864232,0.991803,-7.027537,-26.663324,0.794411,-0.905231,-3.896487,-6.924242,1.545379,-0.760557,18.906514,-6.463292,1.189968,1.042423,4.390525,4.501679,-2.267719,0.816133,10.845501,6.740151,-0.725256,2.040809
8.077512,5.895557,-1.187204,1.593306,0.726996,6.885785,-1.872572,0.909872,-6.948096,-26.753848,0.795715,-0.900218,-3.741949,-7.000297,1.574955,-0.705258,19.025511,-6.359050,1.180621,1.045580,4.163754,4.583292,-2.336011,0.740240,10.772975,6.944232,-0.747326,2.027061
7.958792,6.054888,-1.218622,1.569403,0.539739,6.976772,-1.878490,0.829451,-6.868524,-26.843869,0.796995,-0.895225,-3.584454,-7.070823,1.603395,-0.649185,19.143573,-6.254492,1.171328,1.048648,3.930152,4.657316,-2.403692,0.659301,10.698243,7.146938,-0.768952,2.013097
7.836930,6.211828,-1.249559,1.544882,0.351890,7.059717,-1.882127,0.750501,-6.788825,-26.933392,0.798251,-0.890251,-3.424114,-7.135742,1.630696,-0.592325,19.260706,-6.149627,1.162087,1.051630,3.689783,4.723246,-2.470527,0.572992,10.621348,7.348248,-0.790135,1.998930
7.711974,6.366317,-1.280003,1.519750,0.163677,7.134768,-1.883612,0.672979,-6.708999,-27.022417,0.799483,-0.885297,-3.261045,-7.194974,1.656847,-0.534659,19.376915,-6.044464,1.152900,1.054526,3.442731,4.780545,-2.536238,0.480969,10.542334,7.548141,-0.810876,1.984572
7.583973,6.518292,-1.309941,1.494019,-0.024684,7.202065,-1.883062,0.596844,-6.629051,-27.110947,0.800692,-0.880362,-3.095360,-7.248440,1.681840,-0.476170,19.492205,-5.939012,1.143765,1.057338,3.189107,4.828642,-2.600500,0.382868,10.461246,7.746598,-0.831179,1.970033
7.452979,6.667693,-1.339362,1.467698,-0.212990,7.261750,-1.880584,0.522054,-6.548982,-27.198983,0.801878,-0.875446,-2.927176,-7.296057,1.705659,-0.416839,19.606581,-5.833278,1.134684,1.060069,2.929057,4.866929,-2.662928,0.278300,10.378129,7.943601,-0.851044,1.955325
7.319043,6.814463,-1.368254,1.440798,-0.401048,7.313955,-1.876273,0.448567,-6.468794,-27.286528,0.803040,-0.870550,-2.756610,-7.337741,1.728288,-0.356644,19.720050,-5.727271,1.125655,1.062718,2.662764,4.894759,-2.723073,0.166862,10.293024,8.139134,-0.870475,1.940460
7.182218,6.958543,-1.396606,1.413329,-0.588676,7.358812,-1.870218,0.376344,-6.388490,-27.373583,0.804180,-0.865673,-2.583781,-7.373405,1.749707,-0.295563,19.832615,-5.620999,1.116678,1.065289,2.390457,4.911445,-2.780407,0.048134,10.205977,8.333180,-0.889476,1.925447
7.042557,7.099876,-1.424407,1.385302,-0.775697,7.396446,-1.862497,0.305345,-6.308072,-27.460150,0.805298,-0.860815,-2.408811,-7.402961,1.769893,-0.233573,19.944283,-5.514470,1.107755,1.067783,2.112416,4.916258,-2.834309,-0.078314,10.117029,8.525724,-0.908048,1.910299
6.900116,7.238406,-1.451645,1.356728,-0.961947,7.426981,-1.853182,0.235532,-6.227542,-27.546231,0.806394,-0.855975,-2.231821,-7.426319,1.788819,-0.170649,20.055058,-5.407692,1.098883,1.070200,1.828985,4.908427,-2.884057,-0.212915,10.026224,8.716754,-0.926197,1.895024
6.754952,7.374079,-1.478309,1.327619,-1.147265,7.450534,-1.842339,0.166867,-6.146903,-27.631829,0.807468,-0.851154,-2.052939,-7.443384,1.806455,-0.106765,20.164947,-5.300672,1.090064,1.072543,1.540579,4.887136,-2.928803,-0.356093,9.933605,8.906256,-0.943925,1.879632
6.607121,7.506841,-1.504391,1.297987,-1.331499,7.467221,-1.830025,0.099314,-6.066156,-27.716944,0.808521,-0.846353,-1.872294,-7.454060,1.822764,-0.041894,20.273953,-5.193417,1.081298,1.074813,1.247699,4.851526,-2.967565,-0.508247,9.839212,9.094220,-0.961237,1.864135
6.456682,7.636639,-1.529878,1.267842,-1.514502,7.477152,-1.816294,0.032839,-5.985304,-27.801579,0.809552,-0.841569,-1.690018,-7.458250,1.837710,0.023993,20.382083,-5.085936,1.072583,1.077011,0.950942,4.800702,-2.999203,-0.669734,9.743088,9.280633,-0.978136,1.848540
6.303694,7.763424,-1.554761,1.237196,-1.696131,7.480436,-1.801193,-0.032592,-5.904349,-27.885736,0.810562,-0.836804,-1.506246,-7.455850,1.851248,0.090926,20.489341,-4.978235,1.063919,1.079138,0.651022,4.733728,-3.022400,-0.840837,9.645275,9.465487,-0.994628,1.832858
6.148218,7.887143,-1.579031,1.206063,-1.876250,7.477177,-1.784764,-0.097011,-5.823293,-27.969417,0.811552,-0.832058,-1.321122,-7.446758,1.863330,0.158936,20.595733,-4.870321,1.055308,1.081197,0.348782,4.649644,-3.035649,-1.021728,9.545812,9.648773,-1.010716,1.817096
5.990315,8.007749,-1.602677,1.174453,-2.054727,7.467476,-1.767046,-0.160449,-5.742137,-28.052623,0.812521,-0.827330,-1.134789,-7.430864,1.873901,0.228055,20.701264,-4.762202,1.046748,1.083187,0.045217,4.547472,-3.037240,-1.212427,9.444740,9.830483,-1.026406,1.801264
5.830047,8.125195,-1.625690,1.142380,-2.231431,7.451431,-1.748070,-0.222936,-5.660885,-28.135356,0.813470,-0.822619,-0.947399,-7.408059,1.882904,0.298316,20.805939,-4.653883,1.038239,1.085111,-0.258507,4.426229,-3.025247,-1.412736,9.342100,10.010609,-1.041702,1.785371
5.667478,8.239433,-1.648061,1.109856,-2.406239,7.429137,-1.727868,-0.284498,-5.579538,-28.217617,0.814399,-0.817927,-0.759108,-7.378227,1.890270,0.369754,20.909763,-4.545372,1.029781,1.086970,-0.561031,4.284955,-2.997543,-1.622172,9.237930,10.189146,-1.056609,1.769424
5.502672,8.350418,-1.669782,1.076894,-2.579025,7.400688,-1.706465,-0.345163,-5.498098,-28.299410,0.815308,-0.813253,-0.570081,-7.341252,1.895929,0.442403,21.012741,-4.436675,1.021374,1.088765,-0.860786,4.122738,-2.951815,-1.839879,9.132269,10.366088,-1.071133,1.753431
5.335694,8.458108,-1.690844,1.043508,-2.749672,7.366171,-1.683882,-0.404956,-5.416567,-28.380736,0.816198,-0.808597,-0.380488,-7.297011,1.899800,0.516301,21.114878,-4.327798,1.013017,1.090497,-1.155967,3.938750,-2.885615,-2.064537,9.025155,10.541432,-1.085278,1.737399
5.166610,8.562459,-1.711238,1.009709,-2.918060,7.325676,-1.660139,-0.463901,-5.334948,-28.461595,0.817069,-0.803959,-0.190508,-7.245381,1.901794,0.591484,21.216180,-4.218749,1.004711,1.092167,-1.444529,3.732297,-2.796446,-2.294255,8.916627,10.715171,-1.099050,1.721337
4.995486,8.663430,-1.730956,0.975513,-3.084074,7.279286,-1.635251,-0.522020,-5.253241,-28.541991,0.817920,-0.799338,-0.000329,-7.186233,1.901816,0.667989,21.316651,-4.109532,0.996455,1.093777,-1.724173,3.502871,-2.681883,-2.526485,8.806722,10.887305,-1.112455,1.705251
4.822390,8.760981,-1.749991,0.940931,-3.247599,7.227084,-1.609230,-0.579334,-5.171449,-28.621925,0.818753,-0.794735,0.189853,-7.119434,1.899759,0.745852,21.416296,-4.000154,0.988249,1.095328,-1.992362,3.250223,-2.539750,-2.757937,8.695477,11.057830,-1.125497,1.689148
4.647391,8.855074,-1.768336,0.905978,-3.408522,7.169150,-1.582087,-0.635863,-5.089573,-28.701398,0.819567,-0.790149,0.379829,-7.044849,1.895505,0.825112,21.515121,-3.890621,0.980092,1.096820,-2.246337,2.974429,-2.368346,-2.984559,8.582927,11.226745,-1.138182,1.673034
4.470557,8.945672,-1.785982,0.870668,-3.566731,7.105564,-1.553828,-0.691626,-5.007617,-28.780413,0.820363,-0.785581,0.569379,-6.962338,1.888925,0.905805,21.613131,-3.780939,0.971985,1.098255,-2.483171,2.675973,-2.166706,-3.201573,8.469109,11.394048,-1.150516,1.656916
4.291959,9.032738,-1.802923,0.835014,-3.722114,7.036401,-1.524457,-0.746639,-4.925581,-28.858971,0.821140,-0.781030,0.758272,-6.871757,1.879880,0.987966,21.710329,-3.671114,0.963927,1.099634,-2.699842,2.355816,-1.934890,-3.403613,8.354058,11.559740,-1.162504,1.640800
4.111667,9.116240,-1.819152,0.799031,-3.874559,6.961737,-1.493976,-0.800918,-4.843467,-28.937074,0.821900,-0.776496,0.946260,-6.772960,1.868212,1.071629,21.806722,-3.561151,0.955917,1.100958,-2.893331,2.015454,-1.674233,-3.584981,8.237807,11.723820,-1.174152,1.624692
3.929752,9.196143,-1.834663,0.762732,-4.023957,6.881646,-1.462384,-0.854477,-4.761277,-29.014724,0.822642,-0.771979,1.133081,-6.665798,1.853752,1.156826,21.902314,-3.451055,0.947957,1.102228,-3.060754,1.656956,-1.387528,-3.740016,8.120392,11.886289,-1.185466,1.608597
3.746285,9.272416,-1.849450,0.726133,-4.170195,6.796198,-1.429676,-0.907329,-4.679012,-29.091922,0.823366,-0.767479,1.318456,-6.550115,1.836312,1.243585,21.997109,-3.340832,0.940044,1.103444,-3.199507,1.282955,-1.079066,-3.863552,8.001845,12.047149,-1.196451,1.592522
3.561340,9.345029,-1.863507,0.689247,-4.313163,6.705465,-1.395848,-0.959485,-4.596676,-29.168670,0.824073,-0.762996,1.502087,-6.425756,1.815685,1.331928,22.091114,-3.230488,0.932180,1.104609,-3.307414,0.896600,-0.754498,-3.951405,7.882200,12.206401,-1.207114,1.576470
3.374990,9.413954,-1.876829,0.652090,-4.452748,6.609516,-1.360891,-1.010955,-4.514269,-29.244969,0.824763,-0.758530,1.683656,-6.292564,1.791643,1.421875,22.184332,-3.120027,0.924363,1.105723,-3.382863,0.501459,-0.420506,-4.000796,7.761489,12.364048,-1.217459,1.560446
3.187307,9.479163,-1.889409,0.614675,-4.588837,6.508421,-1.324794,-1.061746,-4.431792,-29.320822,0.825436,-0.754080,1.862820,-6.150376,1.763938,1.513434,22.276768,-3.009454,0.916594,1.106786,-3.424914,0.101379,-0.084316,-4.010641,7.639743,12.520093,-1.227492,1.544457
2.998366,9.540631,-1.901244,0.577018,-4.721316,6.402246,-1.287543,-1.111866,-4.349249,-29.396230,0.826092,-0.749647,2.039214,-5.999033,1.732294,1.606606,22.368427,-2.898776,0.908872,1.107801,-3.433346,-0.299685,0.246866,-3.981638,7.516994,12.674538,-1.237219,1.528505
2.808241,9.598333,-1.912328,0.539134,-4.850071,6.291060,-1.249123,-1.161320,-4.266639,-29.471195,0.826732,-0.745230,2.212443,-5.838372,1.696410,1.701379,22.459314,-2.787996,0.901196,1.108767,-3.408659,-0.697848,0.566407,-3.916132,7.393272,12.827389,-1.246646,1.512596
2.617009,9.652246,-1.922657,0.501036,-4.974983,6.174928,-1.209516,-1.210110,-4.183966,-29.545718,0.827355,-0.740830,2.382084,-5.668234,1.655951,1.797726,22.549434,-2.677119,0.893568,1.109685,-3.352018,-1.089462,0.868685,-3.817807,7.268607,12.978648,-1.255779,1.496733
2.424743,9.702350,-1.932228,0.462742,-5.095934,6.053917,-1.168701,-1.258239,-4.101231,-29.619801,0.827963,-0.736446,2.547679,-5.488462,1.610552,1.895599,22.638791,-2.566150,0.885985,1.110558,-3.265150,-1.471242,1.149366,-3.691263,7.143029,13.128322,-1.264622,1.480921
2.231520,9.748624,-1.941035,0.424264,-5.212805,5.928093,-1.126654,-1.305705,-4.018434,-29.693446,0.828554,-0.732079,2.708735,-5.298902,1.559812,1.994928,22.727389,-2.455095,0.878449,1.111384,-3.150213,-1.840369,1.405499,-3.541561,7.016567,13.276414,-1.273182,1.465162
2.037417,9.791050,-1.949077,0.385620,-5.325470,5.797522,-1.083350,-1.352507,-3.935579,-29.766654,0.829130,-0.727727,2.864716,-5.099409,1.503288,2.095612,22.815234,-2.343956,0.870958,1.112165,-3.009663,-2.194525,1.635457,-3.373822,6.889249,13.422930,-1.281464,1.449461
1.842509,9.829612,-1.956349,0.346824,-5.433805,5.662272,-1.038761,-1.398639,-3.852666,-29.839426,0.829690,-0.723392,3.015045,-4.889848,1.440496,2.197515,22.902330,-2.232740,0.863513,1.112903,-2.846118,-2.531907,1.838759,-3.192905,6.761102,13.567876,-1.289474,1.433821
1.646874,9.864295,-1.962849,0.307891,-5.537681,5.522408,-0.992854,-1.444095,-3.769697,-29.911765,0.830234,-0.719072,3.159094,-4.670096,1.370907,2.300455,22.988681,-2.121449,0.856113,1.113597,-2.662242,-2.851197,2.015848,-3.003191,6.632155,13.711258,-1.297216,1.418245
1.450589,9.895084,-1.968574,0.268836,-5.636966,5.377998,-0.945597,-1.488865,-3.686674,-29.983673,0.830763,-0.714768,3.296185,-4.440051,1.293941,2.404195,23.074293,-2.010090,0.848758,1.114249,-2.460657,-3.151516,2.167846,-2.808464,6.502433,13.853083,-1.304697,1.402736
1.253732,9.921967,-1.973522,0.229676,-5.731526,5.229112,-0.896951,-1.532937,-3.603597,-30.055150,0.831277,-0.710480,3.425579,-4.199631,1.208971,2.508431,23.159168,-1.898665,0.841447,1.114859,-2.243872,-3.432363,2.296329,-2.611878,6.371964,13.993357,-1.311922,1.387297
1.056380,9.944935,-1.977692,0.190425,-5.821221,5.075818,-0.846877,-1.576297,-3.520470,-30.126198,0.831777,-0.706208,3.546476,-3.948788,1.115315,2.612778,23.243313,-1.787179,0.834181,1.115429,-2.014239,-3.693551,2.403138,-2.415973,6.240772,14.132086,-1.318895,1.371930
0.858610,9.963977,-1.981080,0.151100,-5.905909,4.918188,-0.795331,-1.618927,-3.437292,-30.196818,0.832261,-0.701951,3.658007,-3.687510,1.012242,2.716748,23.326731,-1.675636,0.826958,1.115958,-1.773926,-3.935148,2.490229,-2.222728,6.108882,14.269279,-1.325623,1.356638
0.660502,9.979087,-1.983687,0.111715,-5.985442,4.756296,-0.742266,-1.660805,-3.354066,-30.267013,0.832731,-0.697710,3.759232,-3.415835,0.898973,2.819738,23.409427,-1.564040,0.819779,1.116447,-1.524903,-4.157421,2.559569,-2.033637,5.976320,14.404943,-1.332110,1.341423
0.462134,9.990259,-1.985511,0.072286,-6.059669,4.590215,-0.687633,-1.701907,-3.270793,-30.336784,0.833187,-0.693484,3.849129,-3.133862,0.774687,2.920998,23.491405,-1.452395,0.812644,1.116898,-1.268946,-4.360785,2.613054,-1.849786,5.843109,14.539085,-1.338361,1.326288
0.263583,9.997487,-1.986551,0.032829,-6.128432,4.420024,-0.631378,-1.742203,-3.187474,-30.406133,0.833628,-0.689273,3.926598,-2.841762,0.638533,3.019606,23.572669,-1.340706,0.805551,1.117311,-1.007640,-4.545763,2.652470,-1.671921,5.709273,14.671714,-1.344382,1.311234
0.064927,10.000770,-1.986808,-0.006641,-6.191570,4.245804,-0.573442,-1.781660,-3.104111,-30.475060,0.834055,-0.685078,3.990451,-2.539801,0.489651,3.114439,23.653225,-1.228975,0.798501,1.117687,-0.742393,-4.712955,2.679461,-1.500526,5.574835,14.802837,-1.350177,1.296264
-0.133753,10.000106,-1.986280,-0.046108,-6.248914,4.067638,-0.513765,-1.820240,-3.020706,-30.543568,0.834468,-0.680897,4.039416,-2.228357,0.327197,3.204133,23.733075,-1.117206,0.791494,1.118026,-0.474447,-4.863008,2.695520,-1.335870,5.439817,14.932464,-1.355751,1.281379
-0.332381,9.995495,-1.984968,-0.085556,-6.300290,3.885614,-0.452279,-1.857900,-2.937259,-30.611658,0.834867,-0.676732,4.072136,-1.907944,0.150383,3.287057,23.812224,-1.005403,0.784529,1.118329,-0.204895,-4.996595,2.701987,-1.178065,5.304242,15.060602,-1.361110,1.266581
-0.530878,9.986940,-1.982873,-0.124971,-6.345518,3.699824,-0.388916,-1.894590,-2.853772,-30.679331,0.835253,-0.672581,4.087174,-1.579238,-0.041464,3.361269,23.890677,-0.893570,0.777605,1.118596,0.065304,-5.114401,2.700058,-1.027102,5.168131,15.187260,-1.366257,1.251872
-0.729165,9.974443,-1.979995,-0.164336,-6.384410,3.510365,-0.323598,-1.930253,-2.770247,-30.746589,0.835625,-0.668445,4.083028,-1.243111,-0.248830,3.424492,23.968437,-0.781711,0.770723,1.118829,0.335309,-5.217112,2.690788,-0.882880,5.031505,15.312447,-1.371198,1.237252
-0.927165,9.958009,-1.976336,-0.203636,-6.416770,3.317340,-0.256248,-1.964826,-2.686684,-30.813433,0.835984,-0.664325,4.058145,-0.900662,-0.471918,3.474099,24.045510,-0.669828,0.763883,1.119028,0.604388,-5.305400,2.675109,-0.745240,4.894385,15.436172,-1.375937,1.222724,-0.777568,8.351298,-1.657472,-0.170781,-1.076762,11.564721,-2.295200,-0.236491
-1.124799,9.937646,-1.971897,-0.242855,-6.442394,3.120857,-0.186779,-1.998238,-2.603086,-30.879866,0.836330,-0.660218,4.010953,-0.553252,-0.710526,3.507113,24.121898,-0.557925,0.757083,1.119193,0.871899,-5.379924,2.653838,-0.613976,4.756792,15.558445,-1.380478,1.208288,-0.943315,8.334220,-1.651852,-0.220440,-1.306282,11.541072,-2.291218,-0.271673
-1.321988,9.913360,-1.966680,-0.281978,-6.461072,2.921033,-0.115100,-2.030408,-2.519453,-30.945888,0.836662,-0.656127,3.939900,-0.202541,-0.963905,3.520248,24.197606,-0.446006,0.750323,1.119326,1.137283,-5.441321,2.627690,-0.488855,4.618744,15.679273,-1.384827,1.193946,-1.108501,8.312176,-1.645240,-0.270014,-1.535404,11.513904,-2.286540,-0.306753
-1.518656,9.885162,-1.960686,-0.320990,-6.472582,2.717992,-0.041117,-2.061244,-2.435787,-31.011500,0.836982,-0.652049,3.843510,0.149484,-1.230606,3.509995,24.272639,-0.334073,0.743605,1.119426,1.400052,-5.490207,2.597290,-0.369626,4.480261,15.798668,-1.388987,1.179698,-1.273025,8.285174,-1.637633,-0.319519,-1.764058,11.483229,-2.281171,-0.341704
-1.714725,9.853063,-1.953919,-0.359875,-6.476694,2.511868,0.035274,-2.090644,-2.352089,-31.076705,0.837289,-0.647987,3.720449,0.500483,-1.508319,3.472769,24.346999,-0.222130,0.736926,1.119494,1.659781,-5.527169,2.563183,-0.256031,4.341362,15.916638,-1.392963,1.165546,-1.436788,8.253222,-1.629022,-0.368968,-1.992175,11.449059,-2.275117,-0.376502
-1.910117,9.817076,-1.946381,-0.398618,-6.473167,2.302804,0.114180,-2.118493,-2.268360,-31.141504,0.837583,-0.643938,3.569617,0.847760,-1.793743,3.405128,24.420692,-0.110181,0.730287,1.119532,1.916099,-5.552772,2.525845,-0.147811,4.202066,16.033192,-1.396758,1.151490,-1.599690,8.216325,-1.619398,-0.418375,-2.219686,11.411408,-2.268385,-0.411120
-2.104755,9.777214,-1.938075,-0.437203,-6.461749,2.090954,0.195714,-2.144659,-2.184601,-31.205898,0.837865,-0.639904,3.390243,1.188273,-2.082508,3.304081,24.493720,0.001772,0.723687,1.119538,2.168684,-5.567554,2.485692,-0.044708,4.062390,16.148341,-1.400378,1.137531,-1.761630,8.174488,-1.608749,-0.467752,-2.446525,11.370296,-2.260985,-0.445532
-2.298562,9.733494,-1.929004,-0.475615,-6.442177,1.876488,0.279999,-2.168996,-2.100815,-31.269888,0.838134,-0.635884,3.181992,1.518681,-2.369202,3.167435,24.566089,0.113726,0.717126,1.119515,2.417253,-5.572024,2.443083,0.053528,3.922352,16.262094,-1.403826,1.123670,-1.922505,8.127713,-1.597061,-0.517110,-2.672623,11.325743,-2.252924,-0.479715
-2.491463,9.685932,-1.919171,-0.513839,-6.414177,1.659589,0.367159,-2.191338,-2.017001,-31.333477,0.838392,-0.631878,2.945072,1.835425,-2.647529,2.994189,24.637802,0.225678,0.710605,1.119462,2.661561,-5.566671,2.398333,0.147140,3.781970,16.374461,-1.407106,1.109907,-2.082211,8.076002,-1.584317,-0.566459,-2.897916,11.277772,-2.244215,-0.513645
-2.683380,9.634548,-1.908582,-0.551861,-6.377462,1.440455,0.457327,-2.211499,-1.933162,-31.396664,0.838637,-0.627886,2.680319,2.134843,-2.910639,2.784873,24.708862,0.337624,0.704122,1.119380,2.901394,-5.551957,2.351717,0.236360,3.641259,16.485452,-1.410222,1.096243,-2.240643,8.019356,-1.570499,-0.615809,-3.122337,11.226407,-2.234868,-0.547299
-2.874238,9.579362,-1.897239,-0.589664,-6.331729,1.219305,0.550642,-2.229268,-1.849299,-31.459453,0.838870,-0.623908,2.389255,2.413331,-3.151601,2.541775,24.779274,0.449562,0.697677,1.119269,3.136566,-5.528321,2.303473,0.321410,3.500237,16.595076,-1.413178,1.082678,-2.397693,7.957775,-1.555588,-0.665167,-3.345824,11.171677,-2.224897,-0.580655
-3.063962,9.520396,-1.885148,-0.627235,-6.276665,0.996378,0.647248,-2.244407,-1.765412,-31.521844,0.839091,-0.619943,2.074095,2.667508,-3.363979,2.268988,24.849042,0.561489,0.691270,1.119131,3.366913,-5.496181,2.253809,0.402498,3.358919,16.703344,-1.415977,1.069213,-2.553251,7.891258,-1.539561,-0.714538,-3.568314,11.113612,-2.214315,-0.613690
-3.252477,9.457672,-1.872313,-0.664557,-6.211940,0.771938,0.747294,-2.256646,-1.681502,-31.583838,0.839300,-0.615993,1.737697,2.894407,-3.542420,1.972203,24.918169,0.673402,0.684901,1.118965,3.592294,-5.455931,2.202906,0.479825,3.217322,16.810265,-1.418624,1.055847,-2.707208,7.819804,-1.522394,-0.763929,-3.789745,11.052243,-2.203136,-0.646386
-3.439708,9.391217,-1.858739,-0.701618,-6.137210,0.546273,0.850930,-2.265681,-1.597572,-31.645437,0.839498,-0.612056,1.383455,3.091627,-3.683138,1.658301,24.986659,0.785298,0.678569,1.118772,3.812585,-5.407948,2.150923,0.553577,3.075459,16.915850,-1.421122,1.042582,-2.859447,7.743412,-1.504063,-0.813341,-4.010059,10.987604,-2.191374,-0.678722
-3.625582,9.321055,-1.844431,-0.738401,-6.052117,0.319705,0.958311,-2.271168,-1.513623,-31.706643,0.839684,-0.608132,1.015141,3.257457,-3.784205,1.334765,25.054516,0.897175,0.672274,1.118552,4.027677,-5.352590,2.097997,0.623930,2.933347,17.020108,-1.423474,1.029417,-3.009853,7.662078,-1.484540,-0.862776,-4.229196,10.919732,-2.179047,-0.710680
-3.810025,9.247215,-1.829396,-0.774892,-5.956286,0.092588,1.069591,-2.272717,-1.429654,-31.767456,0.839859,-0.604223,0.636721,3.390934,-3.845592,1.009059,25.121743,1.009031,0.666016,1.118307,4.237477,-5.290197,2.044246,0.691050,2.791000,17.123050,-1.425684,1.016352,-3.158307,7.575800,-1.463796,-0.912236,-4.447101,10.848664,-2.166169,-0.742243
-3.992965,9.169725,-1.813639,-0.811078,-5.849327,-0.134684,1.184920,-2.269883,-1.345668,-31.827878,0.840023,-0.600326,0.252162,3.491840,-3.868988,0.688057,25.188345,1.120861,0.659795,1.118035,4.441901,-5.221092,1.989777,0.755090,2.648431,17.224685,-1.427755,1.003387,-3.304687,7.484576,-1.441800,-0.961716,-4.663718,10.774440,-2.152757,-0.773395
-4.174329,9.088618,-1.797166,-0.846943,-5.730835,-0.361672,1.304440,-2.262165,-1.261666,-31.887911,0.840176,-0.596443,-0.134737,3.560646,-3.857437,0.377619,25.254324,1.232665,0.653610,1.117739,4.640879,-5.145583,1.934678,0.816197,2.505656,17.325024,-1.429691,0.990524,-3.448867,7.388405,-1.418522,-1.011216,-4.878994,10.697100,-2.138829,-0.804119
-4.354045,9.003923,-1.779984,-0.882474,-5.600391,-0.587888,1.428281,-2.248993,-1.177648,-31.947555,0.840317,-0.592573,-0.520481,3.598407,-3.814902,0.082360,25.319685,1.344439,0.647461,1.117418,4.834347,-5.063964,1.879029,0.874504,2.362687,17.424076,-1.431495,0.977760,-3.590719,7.287283,-1.393926,-1.060728,-5.092876,10.616688,-2.124401,-0.834403
-4.532044,8.915676,-1.762100,-0.917657,-5.457563,-0.812788,1.556551,-2.229722,-1.093617,-32.006812,0.840448,-0.588717,-0.901971,3.606643,-3.745827,-0.194411,25.384431,1.456180,0.641347,1.117072,5.022250,-4.976513,1.822898,0.930139,2.219537,17.521852,-1.433171,0.965097,-3.730112,7.181210,-1.367977,-1.110247,-5.305317,10.533248,-2.109492,-0.864231
-4.708254,8.823910,-1.743521,-0.952477,-5.301908,-1.035760,1.689330,-2.203617,-1.009572,-32.065684,0.840568,-0.584873,-1.276554,3.587202,-3.654760,-0.450611,25.448566,1.567888,0.635270,1.116703,5.204539,-4.883499,1.766344,0.983220,2.076220,17.618362,-1.434720,0.952533,-3.866909,7.070186,-1.340638,-1.159764,-5.516266,10.446825,-2.094119,-0.893594
-4.882606,8.728662,-1.724254,-0.986921,-5.132975,-1.256121,1.826654,-2.169848,-0.925515,-32.124171,0.840677,-0.581042,-1.642030,3.542141,-3.546065,-0.685213,25.512093,1.679558,0.629227,1.116310,5.381174,-4.785177,1.709417,1.033856,1.932748,17.713615,-1.436146,0.940070,-4.000973,6.954209,-1.311870,-1.209268,-5.725678,10.357465,-2.078300,-0.922478
-5.055031,8.629970,-1.704306,-1.020976,-4.950310,-1.473106,1.968499,-2.127477,-0.841447,-32.182276,0.840775,-0.577225,-1.996636,3.473620,-3.423740,-0.898040,25.575016,1.791189,0.623219,1.115894,5.552115,-4.681792,1.652162,1.082151,1.789133,17.807622,-1.437453,0.927707,-4.132160,6.833282,-1.281630,-1.258748,-5.933508,10.265218,-2.062053,-0.950874
-5.225462,8.527873,-1.683686,-1.054627,-4.753460,-1.685854,2.114763,-2.075444,-0.757370,-32.239998,0.840863,-0.573420,-2.339010,3.383816,-3.291308,-1.089550,25.637338,1.902778,0.617246,1.115455,5.717332,-4.573577,1.594617,1.128199,1.645388,17.900393,-1.438643,0.915443,-4.260323,6.707408,-1.249877,-1.308188,-6.139713,10.170130,-2.045397,-0.978772
-5.393830,8.422410,-1.662402,-1.087863,-4.541983,-1.893398,2.265234,-2.012560,-0.673284,-32.297340,0.840941,-0.569628,-2.668141,3.274861,-3.151787,-1.260648,25.699062,2.014324,0.611307,1.114994,5.876793,-4.460757,1.536813,1.172089,1.501524,17.991937,-1.439719,0.903278,-4.385311,6.576589,-1.216564,-1.357573,-6.344253,10.072253,-2.028348,-1.006165
-5.560071,8.313624,-1.640462,-1.120668,-4.315460,-2.094654,2.419561,-1.937496,-0.589190,-32.354303,0.841009,-0.565849,-2.983320,3.148796,-3.007695,-1.412525,25.760193,2.125823,0.605402,1.114511,6.030475,-4.343548,1.478777,1.213904,1.357552,18.082265,-1.440684,0.891212,-4.506967,6.440832,-1.181642,-1.406883,-6.547088,9.971637,-2.010926,-1.033044
-5.724117,8.201557,-1.617874,-1.153032,-4.073504,-2.288404,2.577205,-1.848779,-0.505089,-32.410888,0.841066,-0.562083,-3.284089,3.007544,-2.861090,-1.546529,25.820733,2.237274,0.599531,1.114007,6.178352,-4.222157,1.420533,1.253720,1.213483,18.171386,-1.441541,0.879244,-4.625131,6.300143,-1.145062,-1.456098,-6.748180,9.868332,-1.993148,-1.059404
-5.885904,8.086254,-1.594649,-1.184940,-3.815783,-2.473282,2.737393,-1.744794,-0.420982,-32.467096,0.841113,-0.558329,-3.570198,2.852891,-2.713622,-1.664073,25.880686,2.348675,0.593694,1.113481,6.320406,-4.096785,1.362100,1.291610,1.069329,18.259310,-1.442292,0.867375,-4.739638,6.154534,-1.106769,-1.505194,-6.947495,9.762392,-1.975032,-1.085238
-6.045369,7.967760,-1.570794,-1.216380,-3.542044,-2.647761,2.899046,-1.623797,-0.336871,-32.522929,0.841150,-0.554587,-3.841560,2.686483,-2.566589,-1.766571,25.940056,2.460023,0.587890,1.112935,6.456616,-3.967624,1.303492,1.327638,0.925100,18.346048,-1.442939,0.855603,-4.850315,6.004014,-1.066707,-1.554144,-7.144998,9.653868,-1.956595,-1.110541
-6.202448,7.846122,-1.546319,-1.247341,-3.252139,-2.810141,3.060711,-1.483944,-0.252756,-32.578388,0.841178,-0.550858,-4.098219,2.509826,-2.420994,-1.855387,25.998845,2.571317,0.582119,1.112368,6.586965,-3.834861,1.244724,1.361865,0.780806,18.431608,-1.443486,0.843929,-4.956985,5.848600,-1.024815,-1.602920,-7.340658,9.542814,-1.937854,-1.135310
-6.357080,7.721388,-1.521235,-1.277809,-2.946068,-2.958535,3.220470,-1.323345,-0.168638,-32.633474,0.841195,-0.547142,-4.340319,2.324288,-2.277596,-1.931810,26.057057,2.682553,0.576381,1.111781,6.711437,-3.698674,1.185805,1.394349,0.636458,18.516001,-1.443935,0.832352,-5.059467,5.688308,-0.981031,-1.651488,-7.534443,9.429283,-1.918828,-1.159542
-6.509204,7.593607,-1.495550,-1.307773,-2.624021,-3.090870,3.375850,-1.140152,-0.084518,-32.688188,0.841203,-0.543437,-4.568078,2.131107,-2.136955,-1.997041,26.114695,2.793732,0.570675,1.111175,6.830018,-3.559239,1.126742,1.425140,0.492064,18.599236,-1.444288,0.820870,-5.157570,5.523159,-0.935287,-1.699811,-7.726326,9.313329,-1.899533,-1.183232
-6.658759,7.462829,-1.469275,-1.337220,-2.286436,-3.204885,3.523735,-0.932684,-0.000398,-32.742532,0.841202,-0.539745,-4.781774,1.931403,-1.999472,-2.052182,26.171762,2.904849,0.565001,1.110549,6.942692,-3.416725,1.067541,1.454288,0.347635,18.681323,-1.444548,0.809485,-5.251098,5.353178,-0.887511,-1.747850,-7.916279,9.195006,-1.879985,-1.206381
-6.805686,7.329107,-1.442421,-1.366140,-1.934063,-3.298153,3.660294,-0.699616,0.083722,-32.796506,0.841191,-0.536065,-4.981721,1.726184,-1.865422,-2.098235,26.228262,3.015904,0.559360,1.109904,7.049446,-3.271296,1.008206,1.481835,0.203180,18.762272,-1.444717,0.798195,-5.339850,5.178393,-0.837628,-1.795559,-8.104278,9.074368,-1.860201,-1.228986
-6.949928,7.192493,-1.414997,-1.394521,-1.568034,-3.368115,3.780956,-0.440220,0.167841,-32.850113,0.841170,-0.532397,-5.168263,1.516361,-1.734980,-2.136108,26.284198,3.126894,0.553750,1.109240,7.150267,-3.123113,0.948738,1.507823,0.058709,18.842091,-1.444797,0.787000,-5.423612,4.998837,-0.785557,-1.842888,-8.290298,8.951469,-1.840196,-1.251047
-7.091428,7.053041,-1.387016,-1.422351,-1.189938,-3.412137,3.880449,-0.154665,0.251958,-32.903352,0.841141,-0.528741,-5.341761,1.302750,-1.608243,-2.166618,26.339573,3.237818,0.548172,1.108557,7.245140,-2.972331,0.889137,1.532286,-0.085771,18.920791,-1.444790,0.775898,-5.502168,4.814548,-0.731213,-1.889781,-8.474317,8.826364,-1.819988,-1.272564
-7.230130,6.910806,-1.358487,-1.449620,-0.801893,-3.427603,3.952967,0.155644,0.336072,-32.956227,0.841102,-0.525097,-5.502585,1.086088,-1.485248,-2.190497,26.394391,3.348674,0.542625,1.107857,7.334054,-2.819102,0.829404,1.555260,-0.230250,18.998381,-1.444700,0.764891,-5.575289,4.625570,-0.674505,-1.936175,-8.656316,8.699108,-1.799590,-1.293537
-7.365978,6.765844,-1.329422,-1.476316,-0.406596,-3.412039,3.992470,0.487739,0.420183,-33.008736,0.841054,-0.521465,-5.651110,0.867039,-1.365987,-2.208400,26.448653,3.459460,0.537110,1.107139,7.416995,-2.663576,0.769534,1.576773,-0.374720,19.074870,-1.444527,0.753976,-5.642740,4.431953,-0.615336,-1.982001,-8.836275,8.569754,-1.779019,-1.313968
-7.498921,6.618213,-1.299833,-1.502430,-0.007349,-3.363265,3.993170,0.836830,0.504288,-33.060883,0.840997,-0.517845,-5.787709,0.646199,-1.250418,-2.220912,26.502364,3.570174,0.531625,1.106403,7.493948,-2.505899,0.709525,1.596851,-0.519172,19.150268,-1.444274,0.743154,-5.704273,4.233752,-0.553604,-2.027181,-9.014177,8.438357,-1.758289,-1.333858
-7.628904,6.467970,-1.269731,-1.527952,0.391968,-3.279582,3.950160,1.196230,0.588388,-33.112667,0.840931,-0.514236,-5.912751,0.424107,-1.138474,-2.228554,26.555527,3.680814,0.526170,1.105650,7.564900,-2.346214,0.649372,1.615520,-0.663600,19.224583,-1.443943,0.732424,-5.759634,4.031034,-0.489200,-2.071628,-9.190006,8.304972,-1.737414,-1.353210
-7.755877,6.315175,-1.239128,-1.552870,0.786984,-3.159959,3.860127,1.557543,0.672481,-33.164091,0.840856,-0.510639,-6.026598,0.201252,-1.030068,-2.231791,26.608144,3.791379,0.520746,1.104880,7.629838,-2.184662,0.589071,1.632798,-0.807994,19.297826,-1.443535,0.721785,-5.808554,3.823872,-0.422009,-2.115244,-9.363747,8.169651,-1.716409,-1.372025
-7.879790,6.159888,-1.208036,-1.577175,1.172996,-3.004205,3.722009,1.911175,0.756566,-33.215155,0.840772,-0.507054,-6.129605,-0.021927,-0.925104,-2.231037,26.660218,3.901867,0.515352,1.104093,7.688745,-2.021382,0.528614,1.648704,-0.952348,19.370004,-1.443054,0.711236,-5.850755,3.612347,-0.351908,-2.157922,-9.535388,8.032448,-1.695287,-1.390308
-8.000593,6.002170,-1.176468,-1.600858,1.545197,-2.813087,3.537429,2.247146,0.840644,-33.265860,0.840680,-0.503480,-6.222115,-0.245031,-0.823473,-2.226661,26.711753,4.012276,0.509988,1.103290,7.741606,-1.856511,0.467995,1.663254,-1.096653,19.441128,-1.442500,0.700777,-5.885946,3.396555,-0.278767,-2.199538,-9.704917,7.893417,-1.674061,-1.408062
-8.118240,5.842084,-1.144436,-1.623909,1.898940,-2.588373,3.310757,2.556076,0.924712,-33.316208,0.840579,-0.499918,-6.304462,-0.467697,-0.725065,-2.218991,26.762752,4.122605,0.504653,1.102471,7.788406,-1.690186,0.407207,1.676458,-1.240903,19.511205,-1.441875,0.690407,-5.913822,3.176601,-0.202450,-2.239955,-9.872323,7.752611,-1.652746,-1.425291
-8.232684,5.679693,-1.111952,-1.646320,2.230016,-2.332765,3.048748,2.830137,1.008769,-33.366200,0.840470,-0.496367,-6.376969,-0.689596,-0.629766,-2.208321,26.813218,4.232852,0.499348,1.101636,7.829126,-1.522540,0.346240,1.688326,-1.385091,19.580246,-1.441182,0.680126,-5.934067,2.952606,-0.122811,-2.279018,-10.037597,7.610082,-1.631352,-1.441998
-8.343879,5.515061,-1.079029,-1.668081,2.534891,-2.049751,2.759808,3.063769,1.092816,-33.415837,0.840352,-0.492827,-6.439946,-0.910428,-0.537462,-2.194912,26.863152,4.343016,0.494072,1.100786,7.863750,-1.353708,0.285087,1.698865,-1.529209,19.648259,-1.440422,0.669933,-5.946348,2.724704,-0.039698,-2.316554,-10.200733,7.465882,-1.609893,-1.458189
-8.451782,5.348253,-1.045681,-1.689183,2.810872,-1.743374,2.453073,3.254015,1.176852,-33.465119,0.840226,-0.489299,-6.493692,-1.129919,-0.448039,-2.178996,26.912559,4.453095,0.488825,1.099920,7.892259,-1.183821,0.223738,1.708080,-1.673251,19.715252,-1.439597,0.659827,-5.950318,2.493048,0.047048,-2.352367,-10.361722,7.320063,-1.588380,-1.473869
-8.556350,5.179335,-1.011921,-1.709619,3.056179,-1.417973,2.137498,3.400440,1.260874,-33.514049,0.840091,-0.485781,-6.538496,-1.347819,-0.361386,-2.160782,26.961442,4.563087,0.483606,1.099039,7.914633,-1.013013,0.162184,1.715970,-1.817211,19.781235,-1.438708,0.649807,-5.945613,2.257812,0.137594,-2.386234,-10.520560,7.172677,-1.566826,-1.489042
-8.657542,5.008373,-0.977761,-1.729381,3.269929,-1.077929,1.821131,3.504745,1.344883,-33.562627,0.839949,-0.482275,-6.574634,-1.563897,-0.277395,-2.140454,27.009803,4.672991,0.478416,1.098144,7.930851,-0.841416,0.100414,1.722536,-1.961081,19.846216,-1.437757,0.639873,-5.931854,2.019188,0.232113,-2.417906,-10.677243,7.023772,-1.545241,-1.503715
-8.755318,4.835435,-0.943216,-1.748459,3.452042,-0.727454,1.510663,3.570191,1.428878,-33.610855,0.839798,-0.478780,-6.602374,-1.777942,-0.195962,-2.118179,27.057644,4.782805,0.473254,1.097234,7.940893,-0.669163,0.038419,1.727772,-2.104857,19.910203,-1.436746,0.630025,-5.908643,1.777398,0.330785,-2.447102,-10.831767,6.873401,-1.523635,-1.517893
-8.849640,4.660589,-0.908298,-1.766848,3.603108,-0.370435,1.211246,3.600999,1.512858,-33.658733,0.839639,-0.475296,-6.621970,-1.989760,-0.116985,-2.094106,27.104970,4.892528,0.468120,1.096309,7.944734,-0.496385,-0.023813,1.731673,-2.248532,19.973205,-1.435675,0.620260,-5.875564,1.532688,0.433793,-2.473501,-10.984130,6.721611,-1.502021,-1.531583
-8.940470,4.483904,-0.873022,-1.784540,3.724233,-0.010335,0.926531,3.601818,1.596822,-33.706263,0.839472,-0.471823,-6.633668,-2.199171,-0.040367,-2.068365,27.151782,5.002159,0.463014,1.095371,7.942353,-0.323218,-0.086292,1.734228,-2.392099,20.035231,-1.434548,0.610580,-5.832185,1.285337,0.541323,-2.496743,-11.134332,6.568453,-1.480407,-1.544790
-9.027772,4.305450,-0.837402,-1.801528,3.816886,0.349846,0.658842,3.577317,1.680769,-33.753445,0.839298,-0.468361,-6.637705,-2.406007,0.033983,-2.041077,27.198083,5.111696,0.457936,1.094418,7.933724,-0.149795,-0.149030,1.735425,-2.535554,20.096289,-1.433364,0.600982,-5.778053,1.035663,0.653560,-2.516419,-11.282373,6.413974,-1.458803,-1.557522
-9.111512,4.125297,-0.801452,-1.817805,3.882770,0.707578,0.409415,3.531901,1.764699,-33.800281,0.839115,-0.464909,-6.634307,-2.610115,0.106155,-2.012346,27.243877,5.221138,0.452885,1.093452,7.918821,0.023747,-0.212036,1.735248,-2.678890,20.156388,-1.432127,0.591467,-5.712697,0.784021,0.770685,-2.532066,-11.428253,6.258222,-1.437219,-1.569785
-9.191657,3.943517,-0.765185,-1.833364,3.923712,1.060768,0.178646,3.469556,1.848610,-33.846772,0.838925,-0.461468,-6.623691,-2.811350,0.176232,-1.982268,27.289165,5.330483,0.447861,1.092473,7.897617,0.197272,-0.275323,1.733680,-2.822103,20.215534,-1.430836,0.582033,-5.635628,0.530815,0.892872,-2.543161,-11.571975,6.101243,-1.415664,-1.581585
-9.268176,3.760180,-0.728617,-1.848200,3.941576,1.407724,-0.033675,3.393773,1.932503,-33.892919,0.838727,-0.458038,-6.606068,-3.009577,0.244294,-1.950926,27.333951,5.439731,0.442864,1.091480,7.870085,0.370640,-0.338902,1.730699,-2.965187,20.273738,-1.429493,0.572680,-5.546341,0.276499,1.020279,-2.549112,-11.713542,5.943085,-1.394146,-1.592931
-9.341037,3.575360,-0.691761,-1.862307,3.938209,1.747101,-0.228178,3.307538,2.016376,-33.938723,0.838521,-0.454619,-6.581639,-3.204669,0.310416,-1.918396,27.378238,5.548879,0.437894,1.090475,7.836195,0.543710,-0.402784,1.726279,-3.108136,20.331005,-1.428101,0.563407,-5.444313,0.021587,1.153039,-2.549251,-11.852956,5.783792,-1.372675,-1.603828
-9.410213,3.389130,-0.654632,-1.875679,3.915391,2.077855,-0.405754,3.213357,2.100228,-33.984185,0.838308,-0.451210,-6.550597,-3.396509,0.374671,-1.884747,27.422027,5.657926,0.432951,1.089456,7.795916,0.716338,-0.466979,1.720393,-3.250946,20.387346,-1.426659,0.554213,-5.329009,-0.233338,1.291253,-2.542823,-11.990224,5.623409,-1.351257,-1.614285
-9.475677,3.201562,-0.617245,-1.888311,3.874815,2.399191,-0.567446,3.113302,2.184059,-34.029306,0.838087,-0.447812,-6.513130,-3.584983,0.437126,-1.850036,27.465322,5.766872,0.428033,1.088426,7.749219,0.888377,-0.531499,1.713010,-3.393612,20.442768,-1.425169,0.545099,-5.199884,-0.487620,1.434973,-2.528980,-12.125349,5.461981,-1.329901,-1.624310
-9.537401,3.012731,-0.579615,-1.900198,3.818071,2.710521,-0.714363,3.009069,2.267867,-34.074087,0.837859,-0.444424,-6.469418,-3.769987,0.497844,-1.814319,27.508126,5.875714,0.423142,1.087382,7.696069,1.059678,-0.596354,1.704093,-3.536129,20.497277,-1.423633,0.536062,-5.056387,-0.740518,1.584186,-2.506773,-12.258340,5.299550,-1.308614,-1.633908
-9.595363,2.822711,-0.541756,-1.911335,3.746635,3.011428,-0.847626,2.902027,2.351653,-34.118529,0.837624,-0.441046,-6.419633,-3.951419,0.556886,-1.777643,27.550440,5.984453,0.418277,1.086327,7.636433,1.230087,-0.661554,1.693604,-3.678492,20.550884,-1.422052,0.527103,-4.897968,-0.991195,1.738791,-2.475140,-12.389201,5.136159,-1.287403,-1.643088
-9.649538,2.631577,-0.503683,-1.921718,3.661872,3.301630,-0.968327,2.793278,2.435416,-34.162634,0.837381,-0.437679,-6.363945,-4.129183,0.614308,-1.740048,27.592268,6.093085,0.413438,1.085260,7.570278,1.399448,-0.727109,1.681500,-3.820697,20.603594,-1.420427,0.518220,-4.724089,-1.238709,1.898575,-2.432905,-12.517941,4.971850,-1.266275,-1.651859
-9.699907,2.439405,-0.465412,-1.931343,3.565039,3.580958,-1.077505,2.683695,2.519154,-34.206402,0.837131,-0.434322,-6.302514,-4.303188,0.670163,-1.701573,27.633611,6.201611,0.408624,1.084181,7.497567,1.567598,-0.793027,1.667732,-3.962740,20.655416,-1.418758,0.509413,-4.534231,-1.482000,2.063175,-2.378776,-12.644569,4.806664,-1.245236,-1.660226
-9.746448,2.246271,-0.426957,-1.940206,3.457289,3.849328,-1.176137,2.573969,2.602867,-34.249834,0.836874,-0.430975,-6.235497,-4.473345,0.724502,-1.662250,27.674474,6.310029,0.403835,1.083090,7.418264,1.734371,-0.859316,1.652248,-4.104616,20.706357,-1.417048,0.500681,-4.327914,-1.719877,2.232043,-2.311345,-12.769092,4.640641,-1.224292,-1.668199
-9.789143,2.052250,-0.388334,-1.948303,3.339675,4.106724,-1.265125,2.464638,2.686554,-34.292931,0.836610,-0.427639,-6.163047,-4.639570,0.777371,-1.622107,27.714857,6.418338,0.399072,1.081989,7.332333,1.899596,-0.925983,1.634991,-4.246321,20.756425,-1.415297,0.492024,-4.104709,-1.951012,2.404396,-2.229104,-12.891522,4.473822,-1.203449,-1.675785
-9.827977,1.857420,-0.349557,-1.955632,3.213163,4.353188,-1.345300,2.356121,2.770215,-34.335695,0.836339,-0.424312,-6.085310,-4.801781,0.828814,-1.581169,27.754764,6.526537,0.394333,1.080876,7.239734,2.063095,-0.993035,1.615898,-4.387850,20.805628,-1.413507,0.483440,-3.864270,-2.173922,2.579165,-2.130467,-13.011866,4.306243,-1.182713,-1.682991
-9.862933,1.661857,-0.310643,-1.962189,3.078633,4.588800,-1.417420,2.248737,2.853849,-34.378127,0.836061,-0.420996,-6.002429,-4.959898,0.878871,-1.539456,27.794198,6.634625,0.389619,1.079752,7.140431,2.224685,-1.060475,1.594902,-4.529201,20.853972,-1.411678,0.474930,-3.606353,-2.386969,2.754936,-2.013810,-13.130138,4.137944,-1.162088,-1.689826
-9.893997,1.465638,-0.271606,-1.967971,2.936891,4.813674,-1.482174,2.142724,2.937455,-34.420226,0.835776,-0.417689,-5.914542,-5.113844,0.927581,-1.496988,27.833160,6.742600,0.384930,1.078617,7.034384,2.384175,-1.128305,1.571928,-4.670369,20.901465,-1.409811,0.466492,-3.330860,-2.588350,2.929893,-1.877535,-13.246347,3.968961,-1.141581,-1.696298
-9.921157,1.268841,-0.232462,-1.972977,2.788673,5.027946,-1.540186,2.038261,3.021033,-34.461995,0.835484,-0.414393,-5.821783,-5.263542,0.974979,-1.453777,27.871653,6.850462,0.380265,1.077471,6.921553,2.541368,-1.196527,1.546895,-4.811350,20.948114,-1.407908,0.458126,-3.037871,-2.776104,3.101758,-1.720153,-13.360505,3.799331,-1.121194,-1.702414
-9.944404,1.071543,-0.193226,-1.977205,2.634655,5.231773,-1.592021,1.935472,3.104581,-34.503434,0.835186,-0.411106,-5.724286,-5.408920,1.021097,-1.409838,27.909679,6.958209,0.375625,1.076315,6.801900,2.696057,-1.265138,1.519717,-4.952141,20.993926,-1.405969,0.449830,-2.727695,-2.948119,3.267755,-1.540407,-13.472624,3.629090,-1.100933,-1.708181
-9.963726,0.873823,-0.153914,-1.980653,2.475452,5.425320,-1.638189,1.834444,3.188100,-34.544545,0.834880,-0.407829,-5.622176,-5.549904,1.065965,-1.365179,27.947242,7.065840,0.371008,1.075149,6.675386,2.848029,-1.334134,1.490298,-5.092738,21.038909,-1.403996,0.441605,-2.400919,-3.102160,3.424587,-1.337416,-13.582717,3.458272,-1.080802,-1.713608
-9.979118,0.675757,-0.114541,-1.983319,2.311633,5.608764,-1.679151,1.735231,3.271588,-34.585328,0.834568,-0.404562,-5.515579,-5.686422,1.109611,-1.319807,27.984342,7.173355,0.366415,1.073973,6.541973,2.997059,-1.403506,1.458534,-5.233137,21.083070,-1.401989,0.433450,-2.058461,-3.235901,3.568468,-1.110855,-13.690798,3.286911,-1.060805,-1.718703
-9.990572,0.477426,-0.075123,-1.985203,2.143718,5.782287,-1.715320,1.637861,3.355045,-34.625784,0.834249,-0.401304,-5.404618,-5.818403,1.152060,-1.273728,28.020984,7.280752,0.361846,1.072786,6.401622,3.142912,-1.473243,1.424316,-5.373336,21.126415,-1.399949,0.425364,-1.701614,-3.346987,3.695203,-0.861151,-13.796878,3.115041,-1.040945,-1.723472
-9.998084,0.278905,-0.035676,-1.986303,1.972186,5.946073,-1.747070,1.542343,3.438470,-34.665914,0.833924,-0.398056,-5.289412,-5.945775,1.193336,-1.226943,28.057169,7.388031,0.357300,1.071590,6.254298,3.285344,-1.543326,1.387521,-5.513331,21.168951,-1.397877,0.417346,-1.332094,-3.433102,3.800348,-0.589671,-13.900973,2.942694,-1.021225,-1.727924
-10.001652,0.080275,0.003786,-1.986620,1.797479,6.100308,-1.774740,1.448670,3.521862,-34.705720,0.833593,-0.394818,-5.170079,-6.068470,1.233457,-1.179455,28.092899,7.495190,0.352778,1.070384,6.099966,3.424096,-1.613735,1.348019,-5.653119,21.210686,-1.395774,0.409395,-0.952059,-3.492069,3.879454,-0.298880,-14.003095,2.769901,-1.001650,-1.732066
-10.001273,-0.118387,0.043246,-1.986153,1.620005,6.245175,-1.798634,1.356825,3.605221,-34.745202,0.833254,-0.391589,-5.046733,-6.186415,1.272443,-1.131262,28.128176,7.602228,0.348278,1.069169,5.938592,3.558898,-1.684441,1.305667,-5.792696,21.251625,-1.393640,0.401512,-0.564113,-3.521957,3.928381,0.007575,-14.103260,2.596695,-0.982221,-1.735906
-9.996948,-0.317002,0.082689,-1.984902,1.440142,6.380857,-1.819024,1.266781,3.688547,-34.784361,0.832910,-0.388370,-4.919489,-6.299541,1.310310,-1.082360,28.163004,7.709145,0.343802,1.067944,5.770148,3.689464,-1.755407,1.260314,-5.932060,21.291777,-1.391478,0.393695,-0.171275,-3.521199,3.943671,0.324898,-14.201482,2.423104,-0.962941,-1.739450
-9.988680,-0.515493,0.122099,-1.982868,1.258240,6.507535,-1.836161,1.178503,3.771838,-34.823198,0.832559,-0.385160,-4.788458,-6.407777,1.347071,-1.032746,28.197384,7.815940,0.339348,1.066710,5.594607,3.815496,-1.826589,1.211792,-6.071208,21.331146,-1.389286,0.385943,0.223092,-3.488710,3.922921,0.647321,-14.297776,2.249159,-0.943814,-1.742706
-9.976470,-0.713779,0.161461,-1.980052,1.074624,6.625386,-1.850267,1.091952,3.855094,-34.861714,0.832202,-0.381959,-4.653751,-6.511052,1.382737,-0.982412,28.231319,7.922611,0.334917,1.065467,5.411948,3.936675,-1.897932,1.159922,-6.210137,21.369740,-1.387067,0.378257,0.615384,-3.423977,3.865088,0.968415,-14.392158,2.074888,-0.924840,-1.745682
-9.960323,-0.911785,0.200760,-1.976455,0.889597,6.734581,-1.861544,1.007085,3.938314,-34.899909,0.831839,-0.378768,-4.515477,-6.609293,1.417318,-0.931351,28.264811,8.029158,0.330509,1.064215,5.222155,4.052667,-1.969369,1.104509,-6.348843,21.407566,-1.384821,0.370635,1.001893,-3.327136,3.770683,1.281535,-14.484642,1.900320,-0.906023,-1.748384
-9.940247,-1.109430,0.239979,-1.972077,0.703442,6.835289,-1.870176,0.923858,4.021498,-34.937786,0.831469,-0.375586,-4.373745,-6.702428,1.450821,-0.879553,28.297862,8.135579,0.326122,1.062955,5.025218,4.163118,-2.040819,1.045345,-6.487325,21.444630,-1.382548,0.363077,1.378961,-3.198982,3.641784,1.580309,-14.575244,1.725482,-0.887364,-1.750820
-9.916250,-1.306638,0.279104,-1.966922,0.516425,6.927675,-1.876328,0.842224,4.104645,-34.975345,0.831093,-0.372413,-4.228663,-6.790384,1.483250,-0.827007,28.330474,8.241875,0.321758,1.061686,4.821136,4.267652,-2.112185,0.982203,-6.625580,21.480937,-1.380250,0.355582,1.743139,-3.040952,3.481869,1.859103,-14.663980,1.550400,-0.868865,-1.752996
-9.888339,-1.503330,0.318119,-1.960991,0.328792,7.011898,-1.880150,0.762135,4.187754,-35.012586,0.830712,-0.369249,-4.080338,-6.873084,1.514607,-0.773699,28.362650,8.348043,0.317415,1.060408,4.609918,4.365873,-2.183350,0.914838,-6.763605,21.516496,-1.377926,0.348149,2.091326,-2.855041,3.295500,2.113395,-14.750867,1.375100,-0.850527,-1.754919
-9.856527,-1.699429,0.357008,-1.954285,0.140777,7.088111,-1.881777,0.683545,4.270825,-35.049511,0.830324,-0.366095,-3.928877,-6.950454,1.544894,-0.719617,28.394391,8.454084,0.313095,1.059122,4.391583,4.457357,-2.254175,0.842987,-6.901398,21.551310,-1.375579,0.340778,2.420876,-2.643702,3.087910,2.339986,-14.835919,1.199608,-0.832352,-1.756596
-9.820826,-1.894858,0.395756,-1.946809,-0.047401,7.156466,-1.881332,0.606405,4.353858,-35.086121,0.829930,-0.362949,-3.774388,-7.022416,1.574106,-0.664743,28.425701,8.559996,0.308796,1.057827,4.166165,4.541655,-2.324496,0.766368,-7.038956,21.585388,-1.373208,0.333469,2.729667,-2.409703,2.864573,2.537059,-14.919155,1.023949,-0.814341,-1.758033
-9.781251,-2.089538,0.434348,-1.938565,-0.235534,7.217106,-1.878927,0.530670,4.436851,-35.122416,0.829530,-0.359813,-3.616977,-7.088890,1.602240,-0.609061,28.456580,8.665779,0.304518,1.056525,3.933716,4.618292,-2.394114,0.684676,-7.176276,21.618735,-1.370814,0.326220,3.016125,-2.155997,2.630821,2.704082,-15.000589,0.848145,-0.796494,-1.759237
-9.737816,-2.283395,0.472769,-1.929556,-0.423427,7.270173,-1.874661,0.456293,4.519804,-35.158397,0.829125,-0.356685,-3.456753,-7.149796,1.629287,-0.552552,28.487032,8.771431,0.300262,1.055215,3.694304,4.686760,-2.462799,0.597586,-7.313358,21.651357,-1.368398,0.319031,3.279207,-1.885589,2.391544,2.841613,-15.080238,0.672222,-0.778814,-1.760215
-9.690539,-2.476351,0.511004,-1.919785,-0.610893,7.315802,-1.868626,0.383230,4.602716,-35.194065,0.828714,-0.353567,-3.293825,-7.205052,1.655238,-0.495196,28.517058,8.876953,0.296026,1.053896,3.448024,4.746518,-2.530274,0.504751,-7.450198,21.683260,-1.365960,0.311901,3.518361,-1.601428,2.151003,2.951051,-15.158119,0.496200,-0.761300,-1.760972
-9.639439,-2.668329,0.549037,-1.909257,-0.797755,7.354125,-1.860904,0.311437,4.685588,-35.229422,0.828296,-0.350457,-3.128301,-7.254571,1.680080,-0.436971,28.546661,8.982342,0.291812,1.052570,3.194997,4.796993,-2.596215,0.405804,-7.586794,21.714450,-1.363501,0.304831,3.733462,-1.306323,1.912739,3.034379,-15.234249,0.320103,-0.743953,-1.761515
-9.584535,-2.859255,0.586853,-1.897976,-0.983846,7.385269,-1.851570,0.240873,4.768417,-35.264468,0.827874,-0.347356,-2.960293,-7.298268,1.703795,-0.377853,28.575842,9.087599,0.287618,1.051237,2.935375,4.837574,-2.660240,0.300354,-7.723144,21.744933,-1.361021,0.297818,3.924736,-1.002885,1.679559,3.093930,-15.308645,0.143952,-0.726774,-1.761849
-9.525850,-3.049052,0.624438,-1.885945,-1.169003,7.409357,-1.840690,0.171496,4.851205,-35.299203,0.827445,-0.344264,-2.789913,-7.336054,1.726366,-0.317818,28.604604,9.192723,0.283445,1.049896,2.669351,4.867609,-2.721896,0.187996,-7.859246,21.774715,-1.358522,0.290864,4.092691,-0.693492,1.453585,3.132192,-15.381322,-0.032233,-0.709763,-1.761981
-9.463406,-3.237647,0.661776,-1.873171,-1.353072,7.426506,-1.828326,0.103268,4.933949,-35.333630,0.827011,-0.341180,-2.617277,-7.367835,1.747770,-0.256840,28.632949,9.297713,0.279293,1.048547,2.397162,4.886409,-2.780655,0.068307,-7.995098,21.803802,-1.356004,0.283966,4.238050,-0.380273,1.236334,3.151662,-15.452298,-0.208431,-0.692920,-1.761917
-9.397228,-3.424964,0.698854,-1.859658,-1.535904,7.436833,-1.814531,0.036150,5.016650,-35.367748,0.826571,-0.338105,-2.442500,-7.393519,1.767981,-0.194890,28.660878,9.402567,0.275161,1.047192,2.119096,4.893240,-2.835894,-0.059145,-8.130698,21.832198,-1.353466,0.277125,4.361683,-0.065106,1.028811,3.154740,-15.521591,-0.384623,-0.676245,-1.761662
-9.327343,-3.610930,0.735656,-1.845410,-1.717357,7.440448,-1.799354,-0.029892,5.099307,-35.401558,0.826126,-0.335039,-2.265702,-7.413008,1.786968,-0.131939,28.688394,9.507287,0.271049,1.045829,1.835507,4.887325,-2.886885,-0.194794,-8.266045,21.859911,-1.350911,0.270340,4.464564,0.250368,0.831605,3.143664,-15.589215,-0.560789,-0.659739,-1.761221
-9.253777,-3.795471,0.772167,-1.830435,-1.897293,7.437459,-1.782838,-0.094895,5.181920,-35.435062,0.825675,-0.331981,-2.087005,-7.426202,1.804700,-0.067957,28.715499,9.611869,0.266957,1.044459,1.546818,4.867846,-2.932777,-0.339065,-8.401136,21.886945,-1.348338,0.263610,4.547725,0.564734,0.644980,3.120476,-15.655189,-0.736911,-0.643401,-1.760601
-9.176561,-3.978514,0.808374,-1.814737,-2.075577,7.427969,-1.765023,-0.158890,5.264487,-35.468260,0.825219,-0.328932,-1.906535,-7.432998,1.821137,-0.002911,28.742195,9.716315,0.262885,1.043082,1.253541,4.833939,-2.972579,-0.492355,-8.535970,21.913306,-1.345747,0.256935,4.612223,0.876782,0.468950,3.087001,-15.719529,-0.912972,-0.627231,-1.759806
-9.095723,-4.159988,0.844262,-1.798324,-2.252079,7.412080,-1.745943,-0.221910,5.347009,-35.501153,0.824757,-0.325891,-1.724421,-7.433289,1.836237,0.063234,28.768483,9.820624,0.258833,1.041699,0.956283,4.784704,-3.005142,-0.655018,-8.670545,21.938999,-1.343140,0.250314,4.659118,1.185482,0.303349,3.044856,-15.782252,-1.088952,-0.611229,-1.758842
-9.011297,-4.339820,0.879818,-1.781200,-2.426673,7.389889,-1.725627,-0.283983,5.429485,-35.533743,0.824290,-0.322859,-1.540797,-7.426966,1.849952,0.130514,28.794366,9.924793,0.254800,1.040308,0.655769,4.719202,-3.029144,-0.827332,-8.804859,21.964031,-1.340517,0.243747,4.689453,1.489967,0.147879,2.995452,-15.843375,-1.264836,-0.595394,-1.757714
-8.923315,-4.517940,0.915026,-1.763374,-2.599236,7.361491,-1.704102,-0.345139,5.511914,-35.566028,0.823817,-0.319835,-1.355802,-7.413914,1.862229,0.198965,28.819846,10.028824,0.250787,1.038911,0.352854,4.636469,-3.043066,-1.009460,-8.938910,21.988405,-1.337878,0.237233,4.704241,1.789513,0.002156,2.940013,-15.902914,-1.440608,-0.579726,-1.756426
-8.831813,-4.694278,0.949873,-1.744852,-2.769646,7.326977,-1.681390,-0.405404,5.594296,-35.598012,0.823340,-0.316819,-1.169579,-7.394018,1.873010,0.268627,28.844925,10.132715,0.246793,1.037508,0.048548,4.535523,-3.045186,-1.201410,-9.072698,22.012129,-1.335224,0.230772,4.704456,2.083514,-0.134259,2.879594,-15.960887,-1.616250,-0.564224,-1.754985
