3.84734e-16,0.0,0.0,6.28319,1.0,1.0,-2.44929e-16,0.0,-1.1542e-15,-6.28319,0.0
-0.0320656,1.2659,39.4784,6.28327,1.0,0.999948,-0.0102073,0.0,-0.0961986,-6.28253,0.0
-0.032064,1.26583,39.4784,6.28327,1.0,0.999792,-0.0204136,0.0,-0.16032,-6.28122,0.0
-0.0320623,1.26577,39.4784,6.28327,1.0,0.999531,-0.0306178,0.0,-0.224424,-6.27926,0.0
-0.0320606,1.2657,39.4784,6.28327,1.0,0.999167,-0.0408187,0.0,-0.288506,-6.27664,0.0
-0.032059,1.26564,39.4784,6.28327,1.0,0.998698,-0.0510154,0.0,-0.352557,-6.27337,0.0
-0.0320573,1.26557,39.4784,6.28327,1.0,0.998125,-0.0612068,0.0,-0.416571,-6.26944,0.0
-0.0320556,1.26551,39.4784,6.28327,1.0,0.997448,-0.0713919,0.0,-0.480542,-6.26486,0.0
-0.032054,1.26544,39.4784,6.28327,1.0,0.996668,-0.0815694,0.0,-0.544463,-6.25963,0.0
-0.0320523,1.26538,39.4784,6.28327,1.0,0.995783,-0.0917385,0.0,-0.608327,-6.25375,0.0
-0.0320507,1.26531,39.4784,6.28327,1.0,0.994795,-0.101898,0.0,-0.672128,-6.24721,0.0
-0.032049,1.26525,39.4784,6.28327,1.0,0.993703,-0.112047,0.0,-0.735859,-6.24003,0.0
-0.0320474,1.26518,39.4784,6.28327,1.0,0.992508,-0.122184,0.0,-0.799513,-6.23219,0.0
-0.0320458,1.26512,39.4784,6.28327,1.0,0.991209,-0.132309,0.0,-0.863084,-6.22371,0.0
-0.0320441,1.26505,39.4784,6.28327,1.0,0.989807,-0.142419,0.0,-0.926564,-6.21457,0.0
-0.0320425,1.26499,39.4784,6.28327,1.0,0.988301,-0.152515,0.0,-0.989949,-6.20479,0.0
-0.0320409,1.26492,39.4784,6.28326,1.0,0.986693,-0.162595,0.0,-1.05323,-6.19436,0.0
-0.0320393,1.26486,39.4784,6.28326,1.0,0.984982,-0.172658,0.0,-1.1164,-6.18329,0.0
-0.0320377,1.2648,39.4784,6.28326,1.0,0.983169,-0.182703,0.0,-1.17946,-6.17157,0.0
-0.0320361,1.26473,39.4784,6.28326,1.0,0.981252,-0.192729,0.0,-1.24239,-6.15921,0.0
-0.0320345,1.26467,39.4784,6.28326,1.0,0.979234,-0.202735,0.0,-1.30519,-6.14621,0.0
-0.0320329,1.26461,39.4784,6.28326,1.0,0.977114,-0.21272,0.0,-1.36786,-6.13257,0.0
-0.0320314,1.26455,39.4784,6.28326,1.0,0.974892,-0.222683,0.0,-1.43038,-6.11828,0.0
-0.0320298,1.26449,39.4784,6.28326,1.0,0.972568,-0.232622,0.0,-1.49276,-6.10336,0.0
-0.0320283,1.26442,39.4784,6.28326,1.0,0.970143,-0.242537,0.0,-1.55498,-6.08781,0.0
-0.0320267,1.26436,39.4784,6.28326,1.0,0.967617,-0.252427,0.0,-1.61703,-6.07162,0.0
-0.0320252,1.2643,39.4784,6.28326,1.0,0.96499,-0.262291,0.0,-1.67892,-6.0548,0.0
-0.0320237,1.26424,39.4784,6.28326,1.0,0.962262,-0.272127,0.0,-1.74064,-6.03735,0.0
-0.0320222,1.26418,39.4784,6.28326,1.0,0.959435,-0.281935,0.0,-1.80217,-6.01926,0.0
-0.0320207,1.26412,39.4784,6.28326,1.0,0.956507,-0.291714,0.0,-1.86352,-6.00056,0.0
-0.0320192,1.26407,39.4784,6.28326,1.0,0.953479,-0.301462,0.0,-1.92467,-5.98122,0.0
-0.0320178,1.26401,39.4784,6.28326,1.0,0.950353,-0.311179,0.0,-1.98562,-5.96126,0.0
-0.0320163,1.26395,39.4784,6.28326,1.0,0.947127,-0.320863,0.0,-2.04636,-5.94069,0.0
-0.0320149,1.26389,39.4784,6.28326,1.0,0.943803,-0.330514,0.0,-2.10689,-5.91949,0.0
-0.0320135,1.26384,39.4784,6.28326,1.0,0.94038,-0.340131,0.0,-2.1672,-5.89767,0.0
-0.0320121,1.26378,39.4784,6.28326,1.0,0.936859,-0.349712,0.0,-2.22729,-5.87525,0.0
-0.0320107,1.26373,39.4784,6.28326,1.0,0.933241,-0.359256,0.0,-2.28714,-5.8522,0.0
-0.0320093,1.26367,39.4784,6.28326,1.0,0.929525,-0.368764,0.0,-2.34675,-5.82855,0.0
-0.0320079,1.26362,39.4784,6.28325,1.0,0.925713,-0.378232,0.0,-2.40612,-5.8043,0.0
-0.0320066,1.26357,39.4784,6.28325,1.0,0.921804,-0.387662,0.0,-2.46524,-5.77943,0.0
-0.0320053,1.26351,39.4784,6.28325,1.0,0.917799,-0.397051,0.0,-2.52411,-5.75397,0.0
-0.0320039,1.26346,39.4784,6.28325,1.0,0.913698,-0.406398,0.0,-2.58271,-5.72791,0.0
-0.0320026,1.26341,39.4784,6.28325,1.0,0.909503,-0.415704,0.0,-2.64104,-5.70124,0.0
-0.0320014,1.26336,39.4784,6.28325,1.0,0.905212,-0.424965,0.0,-2.69909,-5.67399,0.0
-0.0320001,1.26331,39.4784,6.28325,1.0,0.900827,-0.434183,0.0,-2.75687,-5.64614,0.0
-0.0319989,1.26326,39.4784,6.28325,1.0,0.896349,-0.443356,0.0,-2.81435,-5.61771,0.0
-0.0319977,1.26321,39.4784,6.28325,1.0,0.891777,-0.452482,0.0,-2.87155,-5.58869,0.0
-0.0319965,1.26316,39.4784,6.28325,1.0,0.887112,-0.461561,0.0,-2.92844,-5.55909,0.0
-0.0319953,1.26312,39.4784,6.28325,1.0,0.882354,-0.470592,0.0,-2.98503,-5.52891,0.0
-0.0319941,1.26307,39.4784,6.28325,1.0,0.877505,-0.479574,0.0,-3.04131,-5.49815,0.0
-0.031993,1.26303,39.4784,6.28325,1.0,0.872564,-0.488506,0.0,-3.09727,-5.46682,0.0
-0.0319918,1.26298,39.4784,6.28325,1.0,0.867533,-0.497387,0.0,-3.15291,-5.43492,0.0
-0.0319907,1.26294,39.4784,6.28325,1.0,0.862411,-0.506216,0.0,-3.20822,-5.40245,0.0
-0.0319897,1.26289,39.4784,6.28324,1.0,0.857199,-0.514993,0.0,-3.26319,-5.36942,0.0
-0.0319886,1.26285,39.4784,6.28324,1.0,0.851897,-0.523716,0.0,-3.31783,-5.33584,0.0
-0.0319876,1.26281,39.4784,6.28324,1.0,0.846507,-0.532384,0.0,-3.37212,-5.30169,0.0
-0.0319865,1.26277,39.4784,6.28324,1.0,0.841029,-0.540997,0.0,-3.42606,-5.267,0.0
-0.0319855,1.26273,39.4784,6.28324,1.0,0.835463,-0.549553,0.0,-3.47964,-5.23175,0.0
-0.0319846,1.26269,39.4784,6.28324,1.0,0.829811,-0.558053,0.0,-3.53286,-5.19596,0.0
-0.0319836,1.26265,39.4783,6.28324,1.0,0.824071,-0.566494,0.0,-3.58571,-5.15963,0.0
-0.0319827,1.26262,39.4783,6.28324,1.0,0.818246,-0.574876,0.0,-3.63819,-5.12276,0.0
-0.0319818,1.26258,39.4783,6.28324,1.0,0.812336,-0.583198,0.0,-3.69029,-5.08536,0.0
-0.0319809,1.26255,39.4783,6.28324,1.0,0.806341,-0.591459,0.0,-3.742,-5.04742,0.0
-0.03198,1.26251,39.4783,6.28324,1.0,0.800262,-0.599659,0.0,-3.79333,-5.00897,0.0
-0.0319792,1.26248,39.4783,6.28323,1.00001,0.794099,-0.607797,0.0,-3.84425,-4.96998,0.0
-0.0319784,1.26245,39.4783,6.28323,1.00001,0.787854,-0.615871,0.0,-3.89478,-4.93049,0.0
-0.0319776,1.26242,39.4783,6.28323,1.00001,0.781527,-0.62388,0.0,-3.94491,-4.89047,0.0
-0.0319768,1.26239,39.4783,6.28323,1.00001,0.775118,-0.631825,0.0,-3.99462,-4.84995,0.0
-0.0319761,1.26236,39.4783,6.28323,1.00001,0.768629,-0.639704,0.0,-4.04391,-4.80893,0.0
-0.0319754,1.26233,39.4783,6.28323,1.00001,0.762059,-0.647516,0.0,-4.09279,-4.7674,0.0
-0.0319747,1.2623,39.4783,6.28323,1.00001,0.75541,-0.655261,0.0,-4.14123,-4.72537,0.0
-0.031974,1.26227,39.4783,6.28323,1.00001,0.748682,-0.662938,0.0,-4.18925,-4.68286,0.0
-0.0319734,1.26225,39.4783,6.28323,1.00001,0.741877,-0.670546,0.0,-4.23683,-4.63985,0.0
-0.0319728,1.26222,39.4783,6.28323,1.00001,0.734994,-0.678083,0.0,-4.28397,-4.59636,0.0
-0.0319722,1.2622,39.4783,6.28323,1.00001,0.728034,-0.68555,0.0,-4.33066,-4.5524,0.0
-0.0319716,1.26218,39.4783,6.28322,1.00001,0.720999,-0.692946,0.0,-4.3769,-4.50796,0.0
-0.0319711,1.26216,39.4783,6.28322,1.00001,0.713889,-0.700269,0.0,-4.42268,-4.46304,0.0
-0.0319706,1.26214,39.4783,6.28322,1.00001,0.706704,-0.70752,0.0,-4.46801,-4.41767,0.0
-0.0319701,1.26212,39.4783,6.28322,1.00001,0.699445,-0.714696,0.0,-4.51287,-4.37183,0.0
-0.0319697,1.2621,39.4783,6.28322,1.00001,0.692114,-0.721799,0.0,-4.55725,-4.32554,0.0
-0.0319692,1.26208,39.4783,6.28322,1.00001,0.68471,-0.728826,0.0,-4.60117,-4.2788,0.0
-0.0319688,1.26206,39.4783,6.28322,1.00001,0.677235,-0.735777,0.0,-4.6446,-4.23161,0.0
-0.0319684,1.26205,39.4783,6.28322,1.00001,0.66969,-0.742651,0.0,-4.68755,-4.18398,0.0
-0.0319681,1.26204,39.4783,6.28322,1.00001,0.662075,-0.749448,0.0,-4.73001,-4.13592,0.0
-0.0319678,1.26202,39.4783,6.28322,1.00001,0.654391,-0.756167,0.0,-4.77198,-4.08742,0.0
-0.0319675,1.26201,39.4783,6.28321,1.00001,0.646638,-0.762807,0.0,-4.81345,-4.0385,0.0
-0.0319672,1.262,39.4783,6.28321,1.00001,0.638819,-0.769368,0.0,-4.85442,-3.98915,0.0
-0.031967,1.26199,39.4783,6.28321,1.00001,0.630933,-0.775849,0.0,-4.89489,-3.9394,0.0
-0.0319668,1.26198,39.4783,6.28321,1.00001,0.622981,-0.782249,0.0,-4.93484,-3.88923,0.0
-0.0319666,1.26197,39.4783,6.28321,1.00001,0.614964,-0.788567,0.0,-4.97428,-3.83865,0.0
-0.0319664,1.26197,39.4783,6.28321,1.00001,0.606883,-0.794803,0.0,-5.0132,-3.78768,0.0
-0.0319663,1.26196,39.4783,6.28321,1.00001,0.598739,-0.800956,0.0,-5.0516,-3.73631,0.0
-0.0319662,1.26196,39.4783,6.28321,1.00001,0.590532,-0.807026,0.0,-5.08947,-3.68455,0.0
-0.0319661,1.26195,39.4783,6.28321,1.00001,0.582264,-0.813012,0.0,-5.12682,-3.63241,0.0
-0.031966,1.26195,39.4783,6.28321,1.00001,0.573935,-0.818913,0.0,-5.16363,-3.57989,0.0
-0.031966,1.26195,39.4783,6.2832,1.00001,0.565547,-0.824728,0.0,-5.1999,-3.527,0.0
-0.031966,1.26195,39.4783,6.2832,1.00001,0.557099,-0.830458,0.0,-5.23563,-3.47374,0.0
-0.0319661,1.26195,39.4783,6.2832,1.00001,0.548594,-0.836101,0.0,-5.27081,-3.42012,0.0
-0.0319661,1.26195,39.4783,6.2832,1.00001,0.540031,-0.841658,0.0,-5.30544,-3.36614,0.0
-0.0319662,1.26196,39.4783,6.2832,1.00001,0.531412,-0.847126,0.0,-5.33952,-3.31181,0.0
-0.0319663,1.26196,39.4782,6.2832,1.00001,0.522738,-0.852506,0.0,-5.37305,-3.25714,0.0
-0.0319665,1.26197,39.4782,6.2832,1.00001,0.514009,-0.857798,0.0,-5.40601,-3.20212,0.0
-0.0319666,1.26197,39.4782,6.2832,1.00001,0.505226,-0.863,0.0,-5.43842,-3.14677,0.0
-0.0319668,1.26198,39.4782,6.2832,1.00001,0.496391,-0.868112,0.0,-5.47025,-3.0911,0.0
-0.0319671,1.26199,39.4782,6.28319,1.00001,0.487505,-0.873133,0.0,-5.50152,-3.0351,0.0
-0.0319673,1.262,39.4782,6.28319,1.00001,0.478567,-0.878064,0.0,-5.53221,-2.97879,0.0
-0.0319676,1.26201,39.4782,6.28319,1.00001,0.46958,-0.882903,0.0,-5.56233,-2.92216,0.0
-0.0319679,1.26202,39.4782,6.28319,1.00001,0.460544,-0.88765,0.0,-5.59186,-2.86524,0.0
-0.0319682,1.26203,39.4782,6.28319,1.00001,0.451459,-0.892305,0.0,-5.62082,-2.80801,0.0
-0.0319686,1.26205,39.4782,6.28319,1.00001,0.442328,-0.896867,0.0,-5.64918,-2.75049,0.0
-0.031969,1.26206,39.4782,6.28319,1.00001,0.433151,-0.901335,0.0,-5.67696,-2.69268,0.0
-0.0319694,1.26208,39.4782,6.28319,1.00001,0.423928,-0.90571,0.0,-5.70415,-2.6346,0.0
-0.0319698,1.2621,39.4782,6.28319,1.00001,0.414662,-0.90999,0.0,-5.73074,-2.57624,0.0
-0.0319703,1.26211,39.4782,6.28319,1.00001,0.405352,-0.914175,0.0,-5.75674,-2.51761,0.0
-0.0319708,1.26213,39.4782,6.28318,1.00001,0.396,-0.918265,0.0,-5.78214,-2.45872,0.0
-0.0319713,1.26215,39.4782,6.28318,1.00001,0.386606,-0.922259,0.0,-5.80693,-2.39957,0.0
-0.0319718,1.26217,39.4782,6.28318,1.00001,0.377173,-0.926157,0.0,-5.83112,-2.34017,0.0
-0.0319724,1.2622,39.4782,6.28318,1.00001,0.3677,-0.929959,0.0,-5.8547,-2.28053,0.0
-0.031973,1.26222,39.4782,6.28318,1.00001,0.358188,-0.933664,0.0,-5.87768,-2.22065,0.0
-0.0319736,1.26224,39.4782,6.28318,1.00001,0.34864,-0.937272,0.0,-5.90004,-2.16054,0.0
-0.0319743,1.26227,39.4782,6.28318,1.00001,0.339055,-0.940781,0.0,-5.92178,-2.10021,0.0
-0.031975,1.2623,39.4782,6.28318,1.00001,0.329435,-0.944193,0.0,-5.94291,-2.03965,0.0
-0.0319757,1.26232,39.4782,6.28318,1.00001,0.31978,-0.947507,0.0,-5.96342,-1.97888,0.0
-0.0319764,1.26235,39.4782,6.28318,1.00001,0.310092,-0.950722,0.0,-5.9833,-1.91791,0.0
-0.0319771,1.26238,39.4782,6.28318,1.00001,0.300372,-0.953837,0.0,-6.00257,-1.85674,0.0
-0.0319779,1.26241,39.4782,6.28317,1.00001,0.290621,-0.956854,0.0,-6.02121,-1.79537,0.0
-0.0319787,1.26244,39.4782,6.28317,1.00001,0.280839,-0.95977,0.0,-6.03922,-1.73382,0.0
-0.0319795,1.26247,39.4782,6.28317,1.00001,0.271028,-0.962587,0.0,-6.0566,-1.67209,0.0
-0.0319804,1.26251,39.4782,6.28317,1.00002,0.261189,-0.965303,0.0,-6.07335,-1.61018,0.0
-0.0319812,1.26254,39.4782,6.28317,1.00002,0.251322,-0.967919,0.0,-6.08947,-1.5481,0.0
-0.0319821,1.26258,39.4782,6.28317,1.00002,0.24143,-0.970434,0.0,-6.10495,-1.48586,0.0
-0.031983,1.26261,39.4782,6.28317,1.00002,0.231512,-0.972848,0.0,-6.1198,-1.42347,0.0
-0.031984,1.26265,39.4782,6.28317,1.00002,0.22157,-0.975161,0.0,-6.13401,-1.36093,0.0
-0.0319849,1.26269,39.4782,6.28317,1.00002,0.211605,-0.977371,0.0,-6.14758,-1.29825,0.0
-0.0319859,1.26273,39.4782,6.28317,1.00002,0.201618,-0.979481,0.0,-6.16051,-1.23543,0.0
-0.0319869,1.26276,39.4782,6.28317,1.00002,0.19161,-0.981488,0.0,-6.1728,-1.17249,0.0
-0.0319879,1.2628,39.4782,6.28316,1.00002,0.181582,-0.983392,0.0,-6.18444,-1.10942,0.0
-0.031989,1.26285,39.4782,6.28316,1.00002,0.171535,-0.985195,0.0,-6.19545,-1.04624,0.0
-0.0319901,1.26289,39.4782,6.28316,1.00002,0.16147,-0.986894,0.0,-6.2058,-0.982943,0.0
-0.0319912,1.26293,39.4782,6.28316,1.00002,0.151388,-0.988491,0.0,-6.21551,-0.919548,0.0
-0.0319923,1.26297,39.4782,6.28316,1.00002,0.141291,-0.989985,0.0,-6.22457,-0.856057,0.0
-0.0319934,1.26302,39.4782,6.28316,1.00002,0.131179,-0.991376,0.0,-6.23298,-0.792477,0.0
-0.0319945,1.26306,39.4782,6.28316,1.00002,0.121053,-0.992663,0.0,-6.24075,-0.728814,0.0
-0.0319957,1.26311,39.4781,6.28316,1.00002,0.110915,-0.993847,0.0,-6.24786,-0.665076,0.0
-0.0319969,1.26316,39.4781,6.28316,1.00002,0.100765,-0.994928,0.0,-6.25432,-0.601268,0.0
-0.0319981,1.2632,39.4781,6.28316,1.00002,0.0906043,-0.995904,0.0,-6.26013,-0.537398,0.0
-0.0319993,1.26325,39.4781,6.28316,1.00002,0.0804344,-0.996777,0.0,-6.26529,-0.473471,0.0
-0.0320006,1.2633,39.4781,6.28316,1.00002,0.0702561,-0.997547,0.0,-6.2698,-0.409496,0.0
-0.0320019,1.26335,39.4781,6.28316,1.00002,0.0600705,-0.998212,0.0,-6.27365,-0.345477,0.0
-0.0320031,1.2634,39.4781,6.28316,1.00002,0.0498787,-0.998773,0.0,-6.27685,-0.281423,0.0
-0.0320044,1.26345,39.4781,6.28315,1.00002,0.0396816,-0.99923,0.0,-6.27939,-0.217339,0.0
-0.0320058,1.2635,39.4781,6.28315,1.00002,0.0294804,-0.999583,0.0,-6.28129,-0.153233,0.0
-0.0320071,1.26356,39.4781,6.28315,1.00002,0.0192762,-0.999832,0.0,-6.28252,-0.0891107,0.0
-0.0320084,1.26361,39.4781,6.28315,1.00002,0.0090699,-0.999977,0.0,-6.2831,-0.0249792,0.0
-0.0320098,1.26366,39.4781,6.28315,1.00002,-0.00113731,-1.00002,0.0,-6.28303,0.0391549,0.0
-0.0320112,1.26372,39.4781,6.28315,1.00002,-0.0113444,-0.999954,0.0,-6.2823,0.103285,0.0
-0.0320126,1.26377,39.4781,6.28315,1.00002,-0.0215503,-0.999786,0.0,-6.28092,0.167404,0.0
-0.032014,1.26383,39.4781,6.28315,1.00002,-0.031754,-0.999514,0.0,-6.27888,0.231506,0.0
-0.0320154,1.26389,39.4781,6.28315,1.00002,-0.0419543,-0.999138,0.0,-6.27619,0.295584,0.0
-0.0320169,1.26394,39.4781,6.28315,1.00002,-0.0521503,-0.998658,0.0,-6.27285,0.359631,0.0
-0.0320183,1.264,39.4781,6.28315,1.00002,-0.0623409,-0.998074,0.0,-6.26885,0.42364,0.0
-0.0320198,1.26406,39.4781,6.28315,1.00002,-0.0725249,-0.997385,0.0,-6.2642,0.487605,0.0
-0.0320213,1.26412,39.4781,6.28315,1.00002,-0.0827014,-0.996593,0.0,-6.2589,0.55152,0.0
-0.0320228,1.26417,39.4781,6.28315,1.00002,-0.0928693,-0.995697,0.0,-6.25294,0.615377,0.0
-0.0320243,1.26423,39.4781,6.28315,1.00002,-0.103028,-0.994698,0.0,-6.24633,0.679169,0.0
-0.0320258,1.26429,39.4781,6.28315,1.00002,-0.113175,-0.993594,0.0,-6.23907,0.742892,0.0
-0.0320273,1.26435,39.4781,6.28315,1.00002,-0.123311,-0.992387,0.0,-6.23117,0.806536,0.0
-0.0320289,1.26441,39.4781,6.28315,1.00002,-0.133433,-0.991077,0.0,-6.22261,0.870097,0.0
-0.0320304,1.26448,39.4781,6.28315,1.00002,-0.143542,-0.989664,0.0,-6.2134,0.933567,0.0
-0.032032,1.26454,39.4781,6.28315,1.00002,-0.153636,-0.988147,0.0,-6.20355,0.99694,0.0
-0.0320335,1.2646,39.4781,6.28314,1.00002,-0.163714,-0.986527,0.0,-6.19305,1.06021,0.0
-0.0320351,1.26466,39.4781,6.28314,1.00002,-0.173775,-0.984805,0.0,-6.18191,1.12337,0.0
-0.0320367,1.26472,39.4781,6.28314,1.00002,-0.183818,-0.98298,0.0,-6.17012,1.18641,0.0
-0.0320383,1.26479,39.4781,6.28314,1.00002,-0.193842,-0.981053,0.0,-6.15768,1.24933,0.0
-0.0320399,1.26485,39.4781,6.28314,1.00002,-0.203845,-0.979023,0.0,-6.14461,1.31211,0.0
-0.0320415,1.26491,39.4781,6.28314,1.00002,-0.213827,-0.976892,0.0,-6.1309,1.37476,0.0
-0.0320431,1.26498,39.4781,6.28314,1.00002,-0.223787,-0.974658,0.0,-6.11655,1.43727,0.0
-0.0320448,1.26504,39.4781,6.28314,1.00002,-0.233724,-0.972323,0.0,-6.10156,1.49963,0.0
-0.0320464,1.26511,39.4781,6.28314,1.00002,-0.243636,-0.969887,0.0,-6.08593,1.56183,0.0
-0.032048,1.26517,39.4781,6.28314,1.00002,-0.253523,-0.96735,0.0,-6.06967,1.62387,0.0
-0.0320497,1.26523,39.4781,6.28314,1.00002,-0.263384,-0.964712,0.0,-6.05278,1.68574,0.0
-0.0320513,1.2653,39.4781,6.28314,1.00002,-0.273217,-0.961973,0.0,-6.03526,1.74743,0.0
-0.032053,1.26537,39.4781,6.28314,1.00002,-0.283021,-0.959134,0.0,-6.01711,1.80895,0.0
-0.0320546,1.26543,39.4781,6.28314,1.00002,-0.292796,-0.956196,0.0,-5.99833,1.87027,0.0
-0.0320563,1.2655,39.4781,6.28314,1.00002,-0.302541,-0.953157,0.0,-5.97893,1.9314,0.0
-0.0320579,1.26556,39.4781,6.28314,1.00002,-0.312254,-0.95002,0.0,-5.9589,1.99233,0.0
-0.0320596,1.26563,39.4781,6.28314,1.00002,-0.321935,-0.946783,0.0,-5.93825,2.05305,0.0
-0.0320613,1.26569,39.4781,6.28314,1.00002,-0.331582,-0.943448,0.0,-5.91699,2.11355,0.0
-0.0320629,1.26576,39.4781,6.28314,1.00002,-0.341194,-0.940014,0.0,-5.89511,2.17384,0.0
-0.0320646,1.26582,39.4781,6.28314,1.00002,-0.350771,-0.936483,0.0,-5.87261,2.2339,0.0
-0.0320663,1.26589,39.4781,6.28314,1.00002,-0.360311,-0.932854,0.0,-5.8495,2.29372,0.0
-0.0320679,1.26596,39.4781,6.28314,1.00002,-0.369814,-0.929127,0.0,-5.82579,2.35331,0.0
-0.0320696,1.26602,39.4781,6.28314,1.00002,-0.379278,-0.925304,0.0,-5.80146,2.41265,0.0
-0.0320713,1.26609,39.4781,6.28314,1.00002,-0.388703,-0.921385,0.0,-5.77653,2.47174,0.0
-0.032073,1.26615,39.4781,6.28314,1.00002,-0.398087,-0.917369,0.0,-5.751,2.53058,0.0
-0.0320746,1.26622,39.4781,6.28314,1.00002,-0.40743,-0.913258,0.0,-5.72487,2.58915,0.0
-0.0320763,1.26629,39.4781,6.28314,1.00002,-0.41673,-0.909052,0.0,-5.69815,2.64745,0.0
-0.032078,1.26635,39.4781,6.28314,1.00002,-0.425987,-0.904751,0.0,-5.67083,2.70547,0.0
-0.0320796,1.26642,39.4781,6.28314,1.00002,-0.4352,-0.900356,0.0,-5.64292,2.76321,0.0
-0.0320813,1.26648,39.4781,6.28314,1.00002,-0.444367,-0.895867,0.0,-5.61442,2.82067,0.0
-0.0320829,1.26655,39.4781,6.28314,1.00002,-0.453488,-0.891285,0.0,-5.58534,2.87783,0.0
-0.0320846,1.26661,39.4781,6.28314,1.00002,-0.462562,-0.88661,0.0,-5.55567,2.93469,0.0
-0.0320862,1.26668,39.4781,6.28314,1.00002,-0.471587,-0.881842,0.0,-5.52543,2.99125,0.0
-0.0320879,1.26674,39.4781,6.28314,1.00002,-0.480563,-0.876983,0.0,-5.49461,3.04749,0.0
-0.0320895,1.26681,39.4781,6.28314,1.00002,-0.48949,-0.872032,0.0,-5.46321,3.10341,0.0
-0.0320911,1.26687,39.4781,6.28314,1.00002,-0.498365,-0.86699,0.0,-5.43125,3.15902,0.0
-0.0320927,1.26694,39.4781,6.28314,1.00002,-0.507188,-0.861858,0.0,-5.39872,3.21429,0.0
-0.0320944,1.267,39.4781,6.28314,1.00002,-0.515959,-0.856636,0.0,-5.36563,3.26923,0.0
-0.032096,1.26706,39.4781,6.28314,1.00002,-0.524675,-0.851325,0.0,-5.33199,3.32383,0.0
-0.0320976,1.26713,39.4781,6.28314,1.00002,-0.533338,-0.845926,0.0,-5.29778,3.37808,0.0
-0.0320992,1.26719,39.4781,6.28314,1.00002,-0.541944,-0.840438,0.0,-5.26302,3.43198,0.0
-0.0321007,1.26725,39.4781,6.28314,1.00002,-0.550494,-0.834862,0.0,-5.22772,3.48552,0.0
-0.0321023,1.26731,39.4781,6.28315,1.00002,-0.558987,-0.8292,0.0,-5.19187,3.5387,0.0
-0.0321039,1.26738,39.4781,6.28315,1.00002,-0.567421,-0.823451,0.0,-5.15548,3.59151,0.0
-0.0321054,1.26744,39.4781,6.28315,1.00002,-0.575797,-0.817617,0.0,-5.11855,3.64395,0.0
-0.032107,1.2675,39.4781,6.28315,1.00002,-0.584112,-0.811697,0.0,-5.08109,3.696,0.0
-0.0321085,1.26756,39.4781,6.28315,1.00002,-0.592366,-0.805693,0.0,-5.0431,3.74767,0.0
-0.03211,1.26762,39.4781,6.28315,1.00002,-0.600559,-0.799604,0.0,-5.00459,3.79895,0.0
-0.0321115,1.26768,39.4781,6.28315,1.00002,-0.608689,-0.793433,0.0,-4.96555,3.84984,0.0
-0.032113,1.26774,39.4781,6.28315,1.00002,-0.616756,-0.787178,0.0,-4.92599,3.90032,0.0
-0.0321145,1.2678,39.4781,6.28315,1.00002,-0.624759,-0.780842,0.0,-4.88593,3.9504,0.0
-0.032116,1.26786,39.4781,6.28315,1.00002,-0.632696,-0.774425,0.0,-4.84535,4.00007,0.0
-0.0321175,1.26791,39.4781,6.28315,1.00002,-0.640568,-0.767926,0.0,-4.80427,4.04932,0.0
-0.0321189,1.26797,39.4781,6.28315,1.00002,-0.648372,-0.761348,0.0,-4.76269,4.09814,0.0
-0.0321203,1.26803,39.4781,6.28315,1.00002,-0.65611,-0.75469,0.0,-4.72061,4.14654,0.0
-0.0321218,1.26808,39.4781,6.28315,1.00002,-0.663778,-0.747954,0.0,-4.67804,4.19451,0.0
-0.0321232,1.26814,39.4781,6.28315,1.00002,-0.671378,-0.74114,0.0,-4.63498,4.24204,0.0
-0.0321246,1.26819,39.4781,6.28315,1.00002,-0.678908,-0.734248,0.0,-4.59144,4.28913,0.0
-0.0321259,1.26825,39.4781,6.28315,1.00002,-0.686367,-0.72728,0.0,-4.54742,4.33578,0.0
-0.0321273,1.2683,39.4781,6.28315,1.00002,-0.693754,-0.720237,0.0,-4.50293,4.38197,0.0
-0.0321286,1.26836,39.4781,6.28315,1.00002,-0.70107,-0.713118,0.0,-4.45797,4.4277,0.0
-0.03213,1.26841,39.4781,6.28315,1.00002,-0.708312,-0.705925,0.0,-4.41254,4.47298,0.0
-0.0321313,1.26846,39.4781,6.28316,1.00002,-0.71548,-0.698658,0.0,-4.36666,4.51778,0.0
-0.0321326,1.26851,39.4781,6.28316,1.00002,-0.722574,-0.691319,0.0,-4.32031,4.56212,0.0
-0.0321338,1.26856,39.4781,6.28316,1.00002,-0.729593,-0.683908,0.0,-4.27352,4.60598,0.0
-0.0321351,1.26861,39.4781,6.28316,1.00002,-0.736535,-0.676425,0.0,-4.22629,4.64936,0.0
-0.0321363,1.26866,39.4781,6.28316,1.00002,-0.743401,-0.668872,0.0,-4.17861,4.69226,0.0
-0.0321375,1.26871,39.4781,6.28316,1.00002,-0.750189,-0.661249,0.0,-4.1305,4.73467,0.0
-0.0321387,1.26876,39.4781,6.28316,1.00002,-0.7569,-0.653557,0.0,-4.08196,4.77658,0.0
-0.0321399,1.2688,39.4781,6.28316,1.00002,-0.763531,-0.645798,0.0,-4.03299,4.818,0.0
-0.0321411,1.26885,39.4782,6.28316,1.00002,-0.770083,-0.637971,0.0,-3.9836,4.85891,0.0
-0.0321422,1.26889,39.4782,6.28316,1.00002,-0.776554,-0.630077,0.0,-3.9338,4.89932,0.0
-0.0321433,1.26894,39.4782,6.28316,1.00002,-0.782945,-0.622118,0.0,-3.88359,4.93922,0.0
-0.0321444,1.26898,39.4782,6.28316,1.00002,-0.789254,-0.614094,0.0,-3.83297,4.9786,0.0
-0.0321455,1.26903,39.4782,6.28316,1.00002,-0.795481,-0.606006,0.0,-3.78195,5.01747,0.0
-0.0321466,1.26907,39.4782,6.28317,1.00002,-0.801625,-0.597855,0.0,-3.73054,5.05581,0.0
-0.0321476,1.26911,39.4782,6.28317,1.00002,-0.807685,-0.589641,0.0,-3.67874,5.09363,0.0
-0.0321486,1.26915,39.4782,6.28317,1.00002,-0.813662,-0.581367,0.0,-3.62656,5.13091,0.0
-0.0321496,1.26919,39.4782,6.28317,1.00002,-0.819553,-0.573031,0.0,-3.574,5.16766,0.0
-0.0321506,1.26923,39.4782,6.28317,1.00002,-0.825359,-0.564636,0.0,-3.52107,5.20387,0.0
-0.0321515,1.26926,39.4782,6.28317,1.00002,-0.831079,-0.556182,0.0,-3.46777,5.23954,0.0
-0.0321525,1.2693,39.4782,6.28317,1.00002,-0.836713,-0.54767,0.0,-3.4141,5.27467,0.0
-0.0321534,1.26934,39.4782,6.28317,1.00002,-0.842259,-0.539101,0.0,-3.36009,5.30924,0.0
-0.0321542,1.26937,39.4782,6.28317,1.00002,-0.847718,-0.530476,0.0,-3.30572,5.34326,0.0
-0.0321551,1.26941,39.4782,6.28317,1.00002,-0.853088,-0.521796,0.0,-3.25101,5.37673,0.0
-0.0321559,1.26944,39.4782,6.28317,1.00001,-0.85837,-0.513061,0.0,-3.19596,5.40963,0.0
-0.0321567,1.26947,39.4782,6.28317,1.00001,-0.863562,-0.504273,0.0,-3.14058,5.44197,0.0
-0.0321575,1.2695,39.4782,6.28318,1.00001,-0.868664,-0.495432,0.0,-3.08487,5.47375,0.0
-0.0321583,1.26953,39.4782,6.28318,1.00001,-0.873675,-0.48654,0.0,-3.02883,5.50495,0.0
-0.032159,1.26956,39.4782,6.28318,1.00001,-0.878596,-0.477597,0.0,-2.97249,5.53558,0.0
-0.0321597,1.26959,39.4782,6.28318,1.00001,-0.883425,-0.468604,0.0,-2.91583,5.56563,0.0
-0.0321604,1.26962,39.4782,6.28318,1.00001,-0.888161,-0.459562,0.0,-2.85887,5.59511,0.0
-0.0321611,1.26964,39.4782,6.28318,1.00001,-0.892806,-0.450473,0.0,-2.80161,5.624,0.0
-0.0321617,1.26967,39.4782,6.28318,1.00001,-0.897357,-0.441336,0.0,-2.74406,5.6523,0.0
-0.0321623,1.26969,39.4782,6.28318,1.00001,-0.901815,-0.432154,0.0,-2.68622,5.68002,0.0
-0.0321629,1.26972,39.4782,6.28318,1.00001,-0.906179,-0.422926,0.0,-2.62811,5.70714,0.0
-0.0321635,1.26974,39.4782,6.28318,1.00001,-0.910448,-0.413655,0.0,-2.56972,5.73367,0.0
-0.032164,1.26976,39.4782,6.28319,1.00001,-0.914623,-0.40434,0.0,-2.51106,5.7596,0.0
-0.0321645,1.26978,39.4782,6.28319,1.00001,-0.918702,-0.394983,0.0,-2.45214,5.78493,0.0
-0.032165,1.2698,39.4782,6.28319,1.00001,-0.922686,-0.385585,0.0,-2.39296,5.80966,0.0
-0.0321654,1.26982,39.4782,6.28319,1.00001,-0.926574,-0.376147,0.0,-2.33354,5.83378,0.0
-0.0321658,1.26983,39.4782,6.28319,1.00001,-0.930365,-0.36667,0.0,-2.27387,5.8573,0.0
-0.0321662,1.26985,39.4782,6.28319,1.00001,-0.934059,-0.357155,0.0,-2.21397,5.88021,0.0
-0.0321666,1.26987,39.4782,6.28319,1.00001,-0.937655,-0.347602,0.0,-2.15383,5.9025,0.0
-0.032167,1.26988,39.4782,6.28319,1.00001,-0.941154,-0.338013,0.0,-2.09347,5.92418,0.0
-0.0321673,1.26989,39.4782,6.28319,1.00001,-0.944555,-0.328389,0.0,-2.0329,5.94524,0.0
-0.0321676,1.2699,39.4782,6.28319,1.00001,-0.947858,-0.318731,0.0,-1.97211,5.96568,0.0
-0.0321678,1.26991,39.4782,6.2832,1.00001,-0.951062,-0.309039,0.0,-1.91111,5.9855,0.0
-0.0321681,1.26992,39.4782,6.2832,1.00001,-0.954166,-0.299315,0.0,-1.84992,6.00469,0.0
-0.0321683,1.26993,39.4782,6.2832,1.00001,-0.957171,-0.28956,0.0,-1.78853,6.02327,0.0
-0.0321685,1.26994,39.4782,6.2832,1.00001,-0.960077,-0.279775,0.0,-1.72696,6.04121,0.0
-0.0321686,1.26995,39.4782,6.2832,1.00001,-0.962883,-0.269961,0.0,-1.6652,6.05852,0.0
-0.0321688,1.26995,39.4782,6.2832,1.00001,-0.965588,-0.260119,0.0,-1.60328,6.0752,0.0
-0.0321689,1.26996,39.4783,6.2832,1.00001,-0.968192,-0.250249,0.0,-1.54118,6.09125,0.0
-0.0321689,1.26996,39.4783,6.2832,1.00001,-0.970696,-0.240354,0.0,-1.47893,6.10667,0.0
-0.032169,1.26996,39.4783,6.2832,1.00001,-0.973099,-0.230433,0.0,-1.41652,6.12145,0.0
-0.032169,1.26996,39.4783,6.2832,1.00001,-0.9754,-0.220488,0.0,-1.35396,6.13559,0.0
-0.032169,1.26996,39.4783,6.28321,1.00001,-0.977599,-0.210521,0.0,-1.29127,6.14909,0.0
-0.0321689,1.26996,39.4783,6.28321,1.00001,-0.979697,-0.200531,0.0,-1.22844,6.16195,0.0
-0.0321689,1.26996,39.4783,6.28321,1.00001,-0.981693,-0.190521,0.0,-1.16548,6.17417,0.0
-0.0321688,1.26996,39.4783,6.28321,1.00001,-0.983586,-0.180491,0.0,-1.1024,6.18574,0.0
-0.0321687,1.26995,39.4783,6.28321,1.00001,-0.985377,-0.170442,0.0,-1.0392,6.19668,0.0
-0.0321685,1.26995,39.4783,6.28321,1.00001,-0.987065,-0.160375,0.0,-0.975895,6.20696,0.0
-0.0321683,1.26994,39.4783,6.28321,1.00001,-0.988651,-0.150291,0.0,-0.912489,6.2166,0.0
-0.0321681,1.26993,39.4783,6.28321,1.00001,-0.990133,-0.140192,0.0,-0.848988,6.22559,0.0
-0.0321679,1.26992,39.4783,6.28321,1.00001,-0.991512,-0.130078,0.0,-0.785399,6.23393,0.0
-0.0321677,1.26991,39.4783,6.28321,1.00001,-0.992788,-0.119951,0.0,-0.721727,6.24163,0.0
-0.0321674,1.2699,39.4783,6.28322,1.00001,-0.993961,-0.109811,0.0,-0.657981,6.24867,0.0
-0.0321671,1.26989,39.4783,6.28322,1.00001,-0.99503,-0.09966,0.0,-0.594166,6.25506,0.0
-0.0321667,1.26988,39.4783,6.28322,1.00001,-0.995995,-0.0894984,0.0,-0.530288,6.2608,0.0
-0.0321664,1.26986,39.4783,6.28322,1.00001,-0.996856,-0.0793274,0.0,-0.466356,6.26589,0.0
-0.032166,1.26985,39.4783,6.28322,1.00001,-0.997614,-0.0691481,0.0,-0.402375,6.27032,0.0
-0.0321656,1.26983,39.4783,6.28322,1.00001,-0.998268,-0.0589617,0.0,-0.338352,6.2741,0.0
-0.0321651,1.26981,39.4783,6.28322,1.00001,-0.998817,-0.0487691,0.0,-0.274294,6.27723,0.0
-0.0321646,1.2698,39.4783,6.28322,1.00001,-0.999263,-0.0385714,0.0,-0.210208,6.27971,0.0
-0.0321641,1.26978,39.4783,6.28322,1.00001,-0.999604,-0.0283698,0.0,-0.146099,6.28153,0.0
-0.0321636,1.26976,39.4783,6.28322,1.00001,-0.999842,-0.0181651,0.0,-0.0819751,6.28269,0.0
-0.0321631,1.26974,39.4783,6.28323,1.00001,-0.999975,-0.00795857,0.0,-0.0178426,6.2832,0.0
-0.0321625,1.26971,39.4783,6.28323,1.00001,-1.0,0.0022488,0.0,0.0462917,6.28306,0.0
-0.0321619,1.26969,39.4783,6.28323,1.00001,-0.999929,0.0124559,0.0,0.110421,6.28226,0.0
-0.0321613,1.26967,39.4783,6.28323,1.00001,-0.999749,0.0226618,0.0,0.174539,6.2808,0.0
-0.0321606,1.26964,39.4783,6.28323,1.00001,-0.999466,0.0328652,0.0,0.238639,6.2787,0.0
-0.0321599,1.26961,39.4783,6.28323,1.00001,-0.999078,0.0430653,0.0,0.302714,6.27593,0.0
-0.0321592,1.26959,39.4783,6.28323,1.00001,-0.998586,0.0532609,0.0,0.366757,6.27252,0.0
-0.0321585,1.26956,39.4783,6.28323,1.00001,-0.997991,0.0634509,0.0,0.430763,6.26845,0.0
-0.0321578,1.26953,39.4783,6.28323,1.00001,-0.997291,0.0736343,0.0,0.494723,6.26373,0.0
-0.032157,1.2695,39.4783,6.28323,1.00001,-0.996487,0.08381,0.0,0.558632,6.25835,0.0
-0.0321562,1.26947,39.4783,6.28324,1.00001,-0.99558,0.093977,0.0,0.622483,6.25232,0.0
-0.0321554,1.26943,39.4783,6.28324,1.00001,-0.994568,0.104134,0.0,0.686268,6.24565,0.0
-0.0321545,1.2694,39.4783,6.28324,1.0,-0.993453,0.114281,0.0,0.749983,6.23832,0.0
-0.0321536,1.26937,39.4783,6.28324,1.0,-0.992235,0.124415,0.0,0.813619,6.23034,0.0
-0.0321528,1.26933,39.4783,6.28324,1.0,-0.990913,0.134537,0.0,0.87717,6.22171,0.0
-0.0321518,1.2693,39.4783,6.28324,1.0,-0.989488,0.144644,0.0,0.94063,6.21243,0.0
-0.0321509,1.26926,39.4783,6.28324,1.0,-0.98796,0.154736,0.0,1.00399,6.20251,0.0
-0.0321499,1.26922,39.4784,6.28324,1.0,-0.986329,0.164813,0.0,1.06725,6.19194,0.0
-0.0321489,1.26918,39.4784,6.28324,1.0,-0.984595,0.174872,0.0,1.1304,6.18072,0.0
-0.0321479,1.26914,39.4784,6.28324,1.0,-0.982759,0.184913,0.0,1.19342,6.16886,0.0
-0.0321469,1.2691,39.4784,6.28324,1.0,-0.98082,0.194934,0.0,1.25633,6.15636,0.0
-0.0321459,1.26906,39.4784,6.28324,1.0,-0.978779,0.204936,0.0,1.3191,6.14322,0.0
-0.0321448,1.26902,39.4784,6.28325,1.0,-0.976636,0.214916,0.0,1.38174,6.12943,0.0
-0.0321437,1.26898,39.4784,6.28325,1.0,-0.974392,0.224873,0.0,1.44423,6.11501,0.0
-0.0321426,1.26893,39.4784,6.28325,1.0,-0.972045,0.234807,0.0,1.50657,6.09995,0.0
-0.0321414,1.26889,39.4784,6.28325,1.0,-0.969598,0.244717,0.0,1.56876,6.08426,0.0
-0.0321403,1.26884,39.4784,6.28325,1.0,-0.967049,0.254601,0.0,1.63078,6.06793,0.0
-0.0321391,1.2688,39.4784,6.28325,1.0,-0.9644,0.264459,0.0,1.69263,6.05097,0.0
-0.0321379,1.26875,39.4784,6.28325,1.0,-0.96165,0.274289,0.0,1.7543,6.03338,0.0
-0.0321367,1.2687,39.4784,6.28325,1.0,-0.9588,0.28409,0.0,1.8158,6.01516,0.0
-0.0321355,1.26865,39.4784,6.28325,1.0,-0.95585,0.293862,0.0,1.8771,5.99631,0.0
-0.0321342,1.2686,39.4784,6.28325,1.0,-0.952801,0.303604,0.0,1.93821,5.97684,0.0
-0.032133,1.26855,39.4784,6.28325,1.0,-0.949652,0.313313,0.0,1.99911,5.95675,0.0
-0.0321317,1.2685,39.4784,6.28325,1.0,-0.946405,0.32299,0.0,2.05981,5.93603,0.0
-0.0321304,1.26845,39.4784,6.28325,1.0,-0.943058,0.332634,0.0,2.12029,5.9147,0.0
-0.0321291,1.2684,39.4784,6.28325,1.0,-0.939614,0.342242,0.0,2.18055,5.89275,0.0
-0.0321277,1.26835,39.4784,6.28326,1.0,-0.936071,0.351815,0.0,2.24059,5.87018,0.0
-0.0321264,1.26829,39.4784,6.28326,1.0,-0.932432,0.361352,0.0,2.30039,5.84701,0.0
-0.032125,1.26824,39.4784,6.28326,1.0,-0.928694,0.370851,0.0,2.35995,5.82323,0.0
-0.0321236,1.26819,39.4784,6.28326,1.0,-0.924861,0.380311,0.0,2.41926,5.79883,0.0
-0.0321222,1.26813,39.4784,6.28326,1.0,-0.92093,0.389731,0.0,2.47833,5.77384,0.0
-0.0321208,1.26808,39.4784,6.28326,1.0,-0.916904,0.399111,0.0,2.53713,5.74824,0.0
-0.0321194,1.26802,39.4784,6.28326,1.0,-0.912783,0.408449,0.0,2.59567,5.72205,0.0
-0.0321179,1.26796,39.4784,6.28326,1.0,-0.908566,0.417745,0.0,2.65394,5.69525,0.0
-0.0321165,1.26791,39.4784,6.28326,1.0,-0.904254,0.426997,0.0,2.71194,5.66787,0.0
-0.032115,1.26785,39.4784,6.28326,1.0,-0.899849,0.436205,0.0,2.76965,5.63989,0.0
-0.0321135,1.26779,39.4784,6.28326,1.0,-0.895349,0.445367,0.0,2.82707,5.61133,0.0
-0.032112,1.26773,39.4784,6.28326,1.0,-0.890756,0.454483,0.0,2.8842,5.58218,0.0
-0.0321105,1.26767,39.4784,6.28326,1.0,-0.886071,0.463552,0.0,2.94103,5.55245,0.0
-0.032109,1.26761,39.4784,6.28326,1.0,-0.881293,0.472572,0.0,2.99755,5.52214,0.0
-0.0321075,1.26755,39.4784,6.28326,1.0,-0.876423,0.481543,0.0,3.05376,5.49126,0.0
-0.0321059,1.26749,39.4784,6.28326,1.0,-0.871462,0.490464,0.0,3.10965,5.4598,0.0
-0.0321044,1.26743,39.4784,6.28326,1.0,-0.866411,0.499334,0.0,3.16522,5.42778,0.0
-0.0321028,1.26737,39.4784,6.28326,1.0,-0.861269,0.508151,0.0,3.22045,5.39519,0.0
-0.0321012,1.26731,39.4784,6.28326,1.0,-0.856037,0.516916,0.0,3.27535,5.36204,0.0
-0.0320997,1.26724,39.4784,6.28326,1.0,-0.850716,0.525627,0.0,3.32992,5.32833,0.0
-0.0320981,1.26718,39.4784,6.28326,1.0,-0.845306,0.534283,0.0,3.38413,5.29406,0.0
-0.0320965,1.26712,39.4784,6.28326,1.0,-0.839809,0.542883,0.0,3.43799,5.25924,0.0
-0.0320949,1.26705,39.4784,6.28326,1.0,-0.834223,0.551427,0.0,3.49149,5.22388,0.0
-0.0320933,1.26699,39.4784,6.28327,1.0,-0.828551,0.559914,0.0,3.54463,5.18797,0.0
-0.0320916,1.26693,39.4784,6.28327,1.0,-0.822793,0.568342,0.0,3.5974,5.15152,0.0
-0.03209,1.26686,39.4784,6.28327,1.0,-0.816949,0.576711,0.0,3.64979,5.11453,0.0
-0.0320884,1.2668,39.4784,6.28327,1.0,-0.811019,0.58502,0.0,3.70181,5.07701,0.0
-0.0320867,1.26673,39.4784,6.28327,1.0,-0.805006,0.593267,0.0,3.75344,5.03896,0.0
-0.0320851,1.26667,39.4784,6.28327,1.0,-0.798908,0.601453,0.0,3.80468,5.00039,0.0
-0.0320834,1.2666,39.4784,6.28327,1.0,-0.792727,0.609577,0.0,3.85552,4.96129,0.0
-0.0320818,1.26654,39.4784,6.28327,1.0,-0.786464,0.617637,0.0,3.90596,4.92168,0.0
-0.0320801,1.26647,39.4784,6.28327,1.0,-0.780118,0.625632,0.0,3.95599,4.88156,0.0
-0.0320785,1.26641,39.4784,6.28327,1.0,-0.773692,0.633563,0.0,4.00561,4.84092,0.0
-0.0320768,1.26634,39.4784,6.28327,1.0,-0.767184,0.641427,0.0,4.05481,4.79979,0.0
-0.0320752,1.26628,39.4784,6.28327,1.0,-0.760597,0.649224,0.0,4.10359,4.75815,0.0
-0.0320735,1.26621,39.4784,6.28327,1.0,-0.75393,0.656954,0.0,4.15195,4.71601,0.0
-0.0320718,1.26614,39.4784,6.28327,1.0,-0.747185,0.664616,0.0,4.19987,4.67339,0.0
-0.0320701,1.26608,39.4784,6.28327,1.0,-0.740363,0.672208,0.0,4.24735,4.63028,0.0
-0.0320685,1.26601,39.4784,6.28327,1.0,-0.733463,0.67973,0.0,4.29439,4.58668,0.0
-0.0320668,1.26595,39.4784,6.28327,1.0,-0.726486,0.687181,0.0,4.34098,4.54261,0.0
-0.0320651,1.26588,39.4784,6.28327,1.0,-0.719434,0.694561,0.0,4.38712,4.49807,0.0
-0.0320635,1.26581,39.4784,6.28327,1.0,-0.712307,0.701868,0.0,4.43281,4.45305,0.0
-0.0320618,1.26575,39.4784,6.28327,1.0,-0.705106,0.709102,0.0,4.47803,4.40757,0.0
-0.0320601,1.26568,39.4784,6.28327,1.0,-0.697831,0.716263,0.0,4.52278,4.36164,0.0
-0.0320585,1.26562,39.4784,6.28327,1.0,-0.690483,0.723348,0.0,4.56707,4.31524,0.0
-0.0320568,1.26555,39.4784,6.28327,1.0,-0.683064,0.730359,0.0,4.61088,4.2684,0.0
-0.0320551,1.26549,39.4784,6.28327,1.0,-0.675573,0.737293,0.0,4.6542,4.22112,0.0
-0.0320535,1.26542,39.4784,6.28327,1.0,-0.668012,0.74415,0.0,4.69705,4.17339,0.0
-0.0320518,1.26536,39.4784,6.28327,1.0,-0.660382,0.75093,0.0,4.7394,4.12523,0.0
-0.0320502,1.26529,39.4784,6.28327,1.0,-0.652682,0.757632,0.0,4.78126,4.07664,0.0
-0.0320485,1.26523,39.4784,6.28327,1.0,-0.644915,0.764255,0.0,4.82262,4.02763,0.0
-0.0320469,1.26516,39.4784,6.28327,1.0,-0.63708,0.770798,0.0,4.86348,3.97819,0.0
-0.0320453,1.2651,39.4784,6.28327,1.0,-0.629179,0.77726,0.0,4.90383,3.92834,0.0
-0.0320436,1.26503,39.4784,6.28327,1.0,-0.621213,0.783642,0.0,4.94367,3.87808,0.0
-0.032042,1.26497,39.4784,6.28327,1.0,-0.613182,0.789942,0.0,4.983,3.82742,0.0
-0.0320404,1.2649,39.4784,6.28326,1.0,-0.605087,0.79616,0.0,5.02181,3.77636,0.0
-0.0320388,1.26484,39.4784,6.28326,1.0,-0.596928,0.802295,0.0,5.06009,3.7249,0.0
-0.0320372,1.26478,39.4784,6.28326,1.0,-0.588708,0.808346,0.0,5.09785,3.67306,0.0
-0.0320356,1.26471,39.4784,6.28326,1.0,-0.580426,0.814313,0.0,5.13507,3.62084,0.0
-0.032034,1.26465,39.4784,6.28326,1.0,-0.572084,0.820196,0.0,5.17176,3.56823,0.0
-0.0320325,1.26459,39.4784,6.28326,1.0,-0.563682,0.825992,0.0,5.20791,3.51526,0.0
-0.0320309,1.26453,39.4784,6.28326,1.0,-0.555222,0.831703,0.0,5.24352,3.46192,0.0
-0.0320293,1.26447,39.4784,6.28326,1.0,-0.546703,0.837327,0.0,5.27858,3.40822,0.0
-0.0320278,1.26441,39.4784,6.28326,1.0,-0.538128,0.842864,0.0,5.3131,3.35416,0.0
-0.0320263,1.26434,39.4784,6.28326,1.0,-0.529497,0.848313,0.0,5.34706,3.29975,0.0
-0.0320248,1.26428,39.4784,6.28326,1.0,-0.52081,0.853674,0.0,5.38046,3.245,0.0
-0.0320232,1.26423,39.4784,6.28326,1.0,-0.512069,0.858945,0.0,5.4133,3.18991,0.0
-0.0320217,1.26417,39.4784,6.28326,1.0,-0.503275,0.864127,0.0,5.44558,3.13449,0.0
-0.0320203,1.26411,39.4784,6.28326,1.0,-0.494429,0.86922,0.0,5.47729,3.07875,0.0
-0.0320188,1.26405,39.4784,6.28326,1.0,-0.48553,0.874221,0.0,5.50843,3.02268,0.0
-0.0320173,1.26399,39.4784,6.28326,1.0,-0.476582,0.879132,0.0,5.53899,2.9663,0.0
-0.0320159,1.26393,39.4784,6.28326,1.0,-0.467583,0.883951,0.0,5.56898,2.9096,0.0
-0.0320145,1.26388,39.4784,6.28326,1.0,-0.458536,0.888677,0.0,5.59839,2.85261,0.0
-0.032013,1.26382,39.4784,6.28326,1.0,-0.449441,0.893312,0.0,5.62721,2.79532,0.0
-0.0320116,1.26377,39.4784,6.28326,1.0,-0.4403,0.897853,0.0,5.65545,2.73773,0.0
-0.0320102,1.26371,39.4784,6.28326,1.0,-0.431112,0.9023,0.0,5.6831,2.67987,0.0
-0.0320089,1.26366,39.4784,6.28326,1.0,-0.42188,0.906654,0.0,5.71016,2.62172,0.0
-0.0320075,1.2636,39.4784,6.28325,1.0,-0.412603,0.910913,0.0,5.73662,2.5633,0.0
-0.0320062,1.26355,39.4784,6.28325,1.0,-0.403284,0.915077,0.0,5.76248,2.50461,0.0
-0.0320049,1.2635,39.4784,6.28325,1.0,-0.393922,0.919146,0.0,5.78775,2.44566,0.0
-0.0320036,1.26345,39.4784,6.28325,1.0,-0.38452,0.923119,0.0,5.81241,2.38646,0.0
-0.0320023,1.26339,39.4784,6.28325,1.0,-0.375077,0.926996,0.0,5.83646,2.327,0.0
-0.032001,1.26334,39.4784,6.28325,1.0,-0.365596,0.930776,0.0,5.85991,2.26731,0.0
-0.0319997,1.26329,39.4784,6.28325,1.0,-0.356076,0.93446,0.0,5.88275,2.20738,0.0
-0.0319985,1.26325,39.4784,6.28325,1.0,-0.346519,0.938046,0.0,5.90497,2.14722,0.0
-0.0319973,1.2632,39.4784,6.28325,1.0,-0.336926,0.941534,0.0,5.92658,2.08683,0.0
-0.0319961,1.26315,39.4784,6.28325,1.0,-0.327298,0.944924,0.0,5.94757,2.02623,0.0
-0.0319949,1.2631,39.4784,6.28325,1.0,-0.317636,0.948216,0.0,5.96794,1.96542,0.0
-0.0319938,1.26306,39.4784,6.28325,1.0,-0.307941,0.951409,0.0,5.98769,1.9044,0.0
-0.0319926,1.26301,39.4784,6.28325,1.0,-0.298214,0.954503,0.0,6.00682,1.84318,0.0
-0.0319915,1.26297,39.4784,6.28325,1.0,-0.288455,0.957497,0.0,6.02532,1.78177,0.0
-0.0319904,1.26292,39.4784,6.28324,1.0,-0.278667,0.960391,0.0,6.04319,1.72018,0.0
-0.0319893,1.26288,39.4784,6.28324,1.0,-0.268849,0.963186,0.0,6.06043,1.65841,0.0
-0.0319883,1.26284,39.4784,6.28324,1.0,-0.259004,0.96588,0.0,6.07704,1.59646,0.0
-0.0319872,1.2628,39.4784,6.28324,1.0,-0.249132,0.968474,0.0,6.09302,1.53435,0.0
-0.0319862,1.26276,39.4784,6.28324,1.0,-0.239233,0.970966,0.0,6.10836,1.47208,0.0
-0.0319852,1.26272,39.4784,6.28324,1.0,-0.22931,0.973358,0.0,6.12307,1.40965,0.0
-0.0319843,1.26268,39.4784,6.28324,1.0,-0.219363,0.975648,0.0,6.13714,1.34708,0.0
-0.0319833,1.26264,39.4783,6.28324,1.0,-0.209392,0.977836,0.0,6.15057,1.28437,0.0
-0.0319824,1.26261,39.4783,6.28324,1.0,-0.199401,0.979923,0.0,6.16336,1.22152,0.0
-0.0319815,1.26257,39.4783,6.28324,1.0,-0.189388,0.981907,0.0,6.1755,1.15855,0.0
-0.0319806,1.26254,39.4783,6.28324,1.0,-0.179356,0.983789,0.0,6.18701,1.09545,0.0
-0.0319798,1.2625,39.4783,6.28324,1.0,-0.169304,0.985569,0.0,6.19786,1.03224,0.0
-0.031979,1.26247,39.4783,6.28323,1.00001,-0.159236,0.987246,0.0,6.20808,0.968926,0.0
-0.0319781,1.26244,39.4783,6.28323,1.00001,-0.14915,0.98882,0.0,6.21764,0.905509,0.0
-0.0319774,1.26241,39.4783,6.28323,1.00001,-0.139049,0.990291,0.0,6.22656,0.841998,0.0
-0.0319766,1.26238,39.4783,6.28323,1.00001,-0.128934,0.991659,0.0,6.23483,0.778399,0.0
-0.0319759,1.26235,39.4783,6.28323,1.00001,-0.118805,0.992923,0.0,6.24245,0.714718,0.0
-0.0319752,1.26232,39.4783,6.28323,1.00001,-0.108664,0.994084,0.0,6.24942,0.650964,0.0
-0.0319745,1.26229,39.4783,6.28323,1.00001,-0.0985117,0.995142,0.0,6.25574,0.587141,0.0
-0.0319738,1.26227,39.4783,6.28323,1.00001,-0.088349,0.996096,0.0,6.2614,0.523257,0.0
-0.0319732,1.26224,39.4783,6.28323,1.00001,-0.078177,0.996946,0.0,6.26642,0.459319,0.0
-0.0319726,1.26222,39.4783,6.28323,1.00001,-0.0679969,0.997692,0.0,6.27078,0.395333,0.0
-0.031972,1.26219,39.4783,6.28323,1.00001,-0.0578097,0.998334,0.0,6.27448,0.331306,0.0
-0.0319715,1.26217,39.4783,6.28322,1.00001,-0.0476165,0.998872,0.0,6.27754,0.267244,0.0
-0.0319709,1.26215,39.4783,6.28322,1.00001,-0.0374183,0.999307,0.0,6.27994,0.203155,0.0
-0.0319704,1.26213,39.4783,6.28322,1.00001,-0.0272163,0.999637,0.0,6.28168,0.139044,0.0
-0.03197,1.26211,39.4783,6.28322,1.00001,-0.0170114,0.999863,0.0,6.28277,0.0749189,0.0
-0.0319695,1.26209,39.4783,6.28322,1.00001,-0.00680469,0.999984,0.0,6.28321,0.010786,0.0
-0.0319691,1.26208,39.4783,6.28322,1.00001,0.00340269,1.0,0.0,6.28299,-0.0533481,0.0
-0.0319687,1.26206,39.4783,6.28322,1.00001,0.0136097,0.999915,0.0,6.28212,-0.117477,0.0
-0.0319683,1.26205,39.4783,6.28322,1.00001,0.0238153,0.999724,0.0,6.28059,-0.181593,0.0
-0.031968,1.26203,39.4783,6.28322,1.00001,0.0340185,0.999429,0.0,6.27841,-0.24569,0.0
-0.0319677,1.26202,39.4783,6.28322,1.00001,0.044218,0.99903,0.0,6.27557,-0.309762,0.0
-0.0319674,1.26201,39.4783,6.28321,1.00001,0.054413,0.998527,0.0,6.27209,-0.373801,0.0
-0.0319671,1.262,39.4783,6.28321,1.00001,0.0646023,0.99792,0.0,6.26794,-0.437802,0.0
-0.0319669,1.26199,39.4783,6.28321,1.00001,0.0747849,0.997208,0.0,6.26315,-0.501756,0.0
-0.0319667,1.26198,39.4783,6.28321,1.00001,0.0849597,0.996393,0.0,6.2577,-0.565659,0.0
-0.0319665,1.26197,39.4783,6.28321,1.00001,0.0951256,0.995474,0.0,6.2516,-0.629503,0.0
-0.0319664,1.26197,39.4783,6.28321,1.00001,0.105282,0.994452,0.0,6.24484,-0.69328,0.0
-0.0319662,1.26196,39.4783,6.28321,1.00001,0.115427,0.993325,0.0,6.23744,-0.756986,0.0
-0.0319661,1.26196,39.4783,6.28321,1.00001,0.12556,0.992096,0.0,6.22939,-0.820613,0.0
-0.0319661,1.26195,39.4783,6.28321,1.00001,0.13568,0.990763,0.0,6.22069,-0.884154,0.0
-0.031966,1.26195,39.4783,6.2832,1.00001,0.145786,0.989326,0.0,6.21134,-0.947604,0.0
-0.031966,1.26195,39.4783,6.2832,1.00001,0.155876,0.987787,0.0,6.20134,-1.01095,0.0
-0.031966,1.26195,39.4783,6.2832,1.00001,0.165951,0.986144,0.0,6.1907,-1.0742,0.0
-0.0319661,1.26195,39.4783,6.2832,1.00001,0.176008,0.984399,0.0,6.17941,-1.13733,0.0
-0.0319661,1.26195,39.4783,6.2832,1.00001,0.186046,0.982552,0.0,6.16748,-1.20035,0.0
-0.0319662,1.26196,39.4782,6.2832,1.00001,0.196066,0.980602,0.0,6.1549,-1.26324,0.0
-0.0319664,1.26196,39.4782,6.2832,1.00001,0.206065,0.978549,0.0,6.14169,-1.32599,0.0
-0.0319665,1.26197,39.4782,6.2832,1.00001,0.216042,0.976395,0.0,6.12783,-1.38861,0.0
-0.0319667,1.26197,39.4782,6.2832,1.00001,0.225997,0.974139,0.0,6.11334,-1.45109,0.0
-0.0319669,1.26198,39.4782,6.2832,1.00001,0.235929,0.971782,0.0,6.09821,-1.51341,0.0
-0.0319671,1.26199,39.4782,6.28319,1.00001,0.245835,0.969323,0.0,6.08244,-1.57558,0.0
-0.0319674,1.262,39.4782,6.28319,1.00001,0.255717,0.966764,0.0,6.06604,-1.63758,0.0
-0.0319677,1.26201,39.4782,6.28319,1.00001,0.265571,0.964104,0.0,6.04901,-1.69941,0.0
-0.031968,1.26202,39.4782,6.28319,1.00001,0.275398,0.961343,0.0,6.03135,-1.76107,0.0
-0.0319683,1.26204,39.4782,6.28319,1.00001,0.285196,0.958482,0.0,6.01306,-1.82254,0.0
-0.0319687,1.26205,39.4782,6.28319,1.00001,0.294965,0.955521,0.0,5.99414,-1.88382,0.0
-0.0319691,1.26207,39.4782,6.28319,1.00001,0.304703,0.952461,0.0,5.9746,-1.9449,0.0
-0.0319695,1.26208,39.4782,6.28319,1.00001,0.314409,0.949301,0.0,5.95443,-2.00579,0.0
-0.03197,1.2621,39.4782,6.28319,1.00001,0.324082,0.946043,0.0,5.93365,-2.06646,0.0
-0.0319704,1.26212,39.4782,6.28319,1.00001,0.333721,0.942685,0.0,5.91225,-2.12692,0.0
-0.0319709,1.26214,39.4782,6.28318,1.00001,0.343326,0.93923,0.0,5.89023,-2.18715,0.0
-0.0319715,1.26216,39.4782,6.28318,1.00001,0.352895,0.935677,0.0,5.86759,-2.24716,0.0
-0.031972,1.26218,39.4782,6.28318,1.00001,0.362427,0.932026,0.0,5.84435,-2.30693,0.0
-0.0319726,1.2622,39.4782,6.28318,1.00001,0.371922,0.928279,0.0,5.8205,-2.36647,0.0
-0.0319732,1.26223,39.4782,6.28318,1.00001,0.381377,0.924434,0.0,5.79604,-2.42576,0.0
-0.0319738,1.26225,39.4782,6.28318,1.00001,0.390793,0.920494,0.0,5.77098,-2.48479,0.0
-0.0319745,1.26228,39.4782,6.28318,1.00001,0.400169,0.916457,0.0,5.74531,-2.54357,0.0
-0.0319752,1.2623,39.4782,6.28318,1.00001,0.409502,0.912325,0.0,5.71905,-2.60208,0.0
-0.0319759,1.26233,39.4782,6.28318,1.00001,0.418793,0.908097,0.0,5.69219,-2.66031,0.0
-0.0319766,1.26236,39.4782,6.28318,1.00001,0.42804,0.903776,0.0,5.66474,-2.71828,0.0
-0.0319774,1.26239,39.4782,6.28317,1.00001,0.437243,0.89936,0.0,5.6367,-2.77596,0.0
-0.0319781,1.26242,39.4782,6.28317,1.00001,0.4464,0.89485,0.0,5.60807,-2.83335,0.0
-0.0319789,1.26245,39.4782,6.28317,1.00001,0.455511,0.890247,0.0,5.57885,-2.89044,0.0
-0.0319798,1.26248,39.4782,6.28317,1.00002,0.464574,0.885551,0.0,5.54906,-2.94723,0.0
-0.0319806,1.26252,39.4782,6.28317,1.00002,0.473588,0.880764,0.0,5.51869,-3.00372,0.0
-0.0319815,1.26255,39.4782,6.28317,1.00002,0.482554,0.875884,0.0,5.48774,-3.05989,0.0
-0.0319824,1.26259,39.4782,6.28317,1.00002,0.491469,0.870913,0.0,5.45622,-3.11575,0.0
-0.0319833,1.26262,39.4782,6.28317,1.00002,0.500333,0.865851,0.0,5.42413,-3.17128,0.0
-0.0319843,1.26266,39.4782,6.28317,1.00002,0.509145,0.860699,0.0,5.39148,-3.22648,0.0
-0.0319852,1.2627,39.4782,6.28317,1.00002,0.517903,0.855458,0.0,5.35826,-3.28134,0.0
-0.0319862,1.26274,39.4782,6.28317,1.00002,0.526608,0.850127,0.0,5.32449,-3.33586,0.0
-0.0319872,1.26278,39.4782,6.28317,1.00002,0.535258,0.844708,0.0,5.29016,-3.39004,0.0
-0.0319883,1.26282,39.4782,6.28316,1.00002,0.543852,0.839201,0.0,5.25528,-3.44386,0.0
-0.0319893,1.26286,39.4782,6.28316,1.00002,0.552389,0.833606,0.0,5.21986,-3.49732,0.0
-0.0319904,1.2629,39.4782,6.28316,1.00002,0.560869,0.827924,0.0,5.18389,-3.55041,0.0
-0.0319915,1.26294,39.4782,6.28316,1.00002,0.569291,0.822156,0.0,5.14738,-3.60314,0.0
-0.0319926,1.26299,39.4782,6.28316,1.00002,0.577653,0.816303,0.0,5.11033,-3.65549,0.0
-0.0319937,1.26303,39.4782,6.28316,1.00002,0.585955,0.810364,0.0,5.07275,-3.70747,0.0
-0.0319949,1.26308,39.4781,6.28316,1.00002,0.594196,0.804341,0.0,5.03464,-3.75905,0.0
-0.0319961,1.26312,39.4781,6.28316,1.00002,0.602375,0.798235,0.0,4.99601,-3.81024,0.0
-0.0319973,1.26317,39.4781,6.28316,1.00002,0.610491,0.792045,0.0,4.95686,-3.86104,0.0
-0.0319985,1.26322,39.4781,6.28316,1.00002,0.618544,0.785772,0.0,4.91719,-3.91143,0.0
-0.0319997,1.26327,39.4781,6.28316,1.00002,0.626532,0.779418,0.0,4.87701,-3.96142,0.0
-0.032001,1.26332,39.4781,6.28316,1.00002,0.634455,0.772982,0.0,4.83632,-4.01099,0.0
-0.0320022,1.26337,39.4781,6.28316,1.00002,0.642312,0.766466,0.0,4.79513,-4.06015,0.0
-0.0320035,1.26342,39.4781,6.28316,1.00002,0.650102,0.75987,0.0,4.75343,-4.10888,0.0
-0.0320048,1.26347,39.4781,6.28315,1.00002,0.657824,0.753195,0.0,4.71124,-4.15719,0.0
-0.0320062,1.26352,39.4781,6.28315,1.00002,0.665478,0.746442,0.0,4.66857,-4.20506,0.0
-0.0320075,1.26357,39.4781,6.28315,1.00002,0.673062,0.739611,0.0,4.6254,-4.25249,0.0
-0.0320089,1.26363,39.4781,6.28315,1.00002,0.680576,0.732702,0.0,4.58175,-4.29948,0.0
-0.0320102,1.26368,39.4781,6.28315,1.00002,0.688019,0.725717,0.0,4.53763,-4.34603,0.0
-0.0320116,1.26374,39.4781,6.28315,1.00002,0.695391,0.718657,0.0,4.49303,-4.39211,0.0
-0.032013,1.26379,39.4781,6.28315,1.00002,0.70269,0.711522,0.0,4.44796,-4.43775,0.0
-0.0320144,1.26385,39.4781,6.28315,1.00002,0.709916,0.704313,0.0,4.40244,-4.48292,0.0
-0.0320159,1.2639,39.4781,6.28315,1.00002,0.717068,0.69703,0.0,4.35645,-4.52762,0.0
-0.0320173,1.26396,39.4781,6.28315,1.00002,0.724145,0.689675,0.0,4.31001,-4.57185,0.0
-0.0320188,1.26402,39.4781,6.28315,1.00002,0.731147,0.682247,0.0,4.26312,-4.6156,0.0
-0.0320202,1.26407,39.4781,6.28315,1.00002,0.738073,0.674749,0.0,4.21578,-4.65888,0.0
-0.0320217,1.26413,39.4781,6.28315,1.00002,0.744922,0.66718,0.0,4.16801,-4.70167,0.0
-0.0320232,1.26419,39.4781,6.28315,1.00002,0.751693,0.659542,0.0,4.1198,-4.74396,0.0
-0.0320247,1.26425,39.4781,6.28315,1.00002,0.758386,0.651836,0.0,4.07116,-4.78577,0.0
-0.0320262,1.26431,39.4781,6.28315,1.00002,0.764999,0.644061,0.0,4.0221,-4.82707,0.0
-0.0320278,1.26437,39.4781,6.28315,1.00002,0.771533,0.636219,0.0,3.97262,-4.86788,0.0
-0.0320293,1.26443,39.4781,6.28315,1.00002,0.777987,0.628311,0.0,3.92272,-4.90817,0.0
-0.0320309,1.26449,39.4781,6.28315,1.00002,0.78436,0.620337,0.0,3.87242,-4.94796,0.0
-0.0320324,1.26456,39.4781,6.28315,1.00002,0.790651,0.612299,0.0,3.82171,-4.98722,0.0
-0.032034,1.26462,39.4781,6.28314,1.00002,0.796859,0.604197,0.0,3.77061,-5.02597,0.0
-0.0320356,1.26468,39.4781,6.28314,1.00002,0.802985,0.596032,0.0,3.71911,-5.0642,0.0
-0.0320372,1.26474,39.4781,6.28314,1.00002,0.809027,0.587805,0.0,3.66723,-5.1019,0.0
-0.0320388,1.26481,39.4781,6.28314,1.00002,0.814984,0.579517,0.0,3.61496,-5.13906,0.0
-0.0320404,1.26487,39.4781,6.28314,1.00002,0.820857,0.571168,0.0,3.56232,-5.17569,0.0
-0.032042,1.26493,39.4781,6.28314,1.00002,0.826644,0.56276,0.0,3.5093,-5.21178,0.0
-0.0320436,1.265,39.4781,6.28314,1.00002,0.832345,0.554293,0.0,3.45592,-5.24733,0.0
-0.0320452,1.26506,39.4781,6.28314,1.00002,0.837959,0.545769,0.0,3.40218,-5.28233,0.0
-0.0320469,1.26513,39.4781,6.28314,1.00002,0.843486,0.537187,0.0,3.34808,-5.31679,0.0
-0.0320485,1.26519,39.4781,6.28314,1.00002,0.848926,0.52855,0.0,3.29364,-5.35068,0.0
-0.0320502,1.26525,39.4781,6.28314,1.00002,0.854276,0.519857,0.0,3.23885,-5.38402,0.0
-0.0320518,1.26532,39.4781,6.28314,1.00002,0.859538,0.511111,0.0,3.18373,-5.4168,0.0
-0.0320535,1.26538,39.4781,6.28314,1.00002,0.86471,0.502311,0.0,3.12827,-5.44902,0.0
-0.0320551,1.26545,39.4781,6.28314,1.00002,0.869792,0.493459,0.0,3.07249,-5.48066,0.0
-0.0320568,1.26552,39.4781,6.28314,1.00002,0.874784,0.484555,0.0,3.01639,-5.51174,0.0
-0.0320584,1.26558,39.4781,6.28314,1.00002,0.879684,0.475601,0.0,2.95997,-5.54224,0.0
-0.0320601,1.26565,39.4781,6.28314,1.00002,0.884492,0.466597,0.0,2.90325,-5.57217,0.0
-0.0320618,1.26571,39.4781,6.28314,1.00002,0.889209,0.457545,0.0,2.84622,-5.60151,0.0
-0.0320634,1.26578,39.4781,6.28314,1.00002,0.893833,0.448445,0.0,2.78889,-5.63027,0.0
-0.0320651,1.26584,39.4781,6.28314,1.00002,0.898363,0.439299,0.0,2.73128,-5.65844,0.0
-0.0320668,1.26591,39.4781,6.28314,1.00002,0.9028,0.430106,0.0,2.67338,-5.68603,0.0
-0.0320685,1.26598,39.4781,6.28314,1.00002,0.907144,0.420869,0.0,2.6152,-5.71302,0.0
-0.0320701,1.26604,39.4781,6.28314,1.00002,0.911392,0.411588,0.0,2.55675,-5.73941,0.0
-0.0320718,1.26611,39.4781,6.28314,1.00002,0.915546,0.402264,0.0,2.49804,-5.76521,0.0
-0.0320735,1.26617,39.4781,6.28314,1.00002,0.919604,0.392898,0.0,2.43906,-5.79041,0.0
-0.0320751,1.26624,39.4781,6.28314,1.00002,0.923566,0.383491,0.0,2.37983,-5.81501,0.0
-0.0320768,1.26631,39.4781,6.28314,1.00002,0.927432,0.374045,0.0,2.32035,-5.83899,0.0
-0.0320785,1.26637,39.4781,6.28314,1.00002,0.931202,0.364559,0.0,2.26063,-5.86237,0.0
-0.0320801,1.26644,39.4781,6.28314,1.00002,0.934874,0.355035,0.0,2.20067,-5.88514,0.0
-0.0320818,1.2665,39.4781,6.28314,1.00002,0.938449,0.345474,0.0,2.14049,-5.9073,0.0
-0.0320834,1.26657,39.4781,6.28314,1.00002,0.941927,0.335878,0.0,2.08008,-5.92884,0.0
-0.0320851,1.26663,39.4781,6.28314,1.00002,0.945306,0.326246,0.0,2.01945,-5.94976,0.0
-0.0320867,1.2667,39.4781,6.28314,1.00002,0.948587,0.31658,0.0,1.95862,-5.97007,0.0
-0.0320884,1.26676,39.4781,6.28314,1.00002,0.951769,0.306882,0.0,1.89758,-5.98975,0.0
-0.03209,1.26683,39.4781,6.28314,1.00002,0.954851,0.297151,0.0,1.83634,-6.0088,0.0
-0.0320916,1.26689,39.4781,6.28314,1.00002,0.957834,0.287389,0.0,1.77491,-6.02724,0.0
-0.0320932,1.26695,39.4781,6.28314,1.00002,0.960718,0.277598,0.0,1.7133,-6.04504,0.0
-0.0320948,1.26702,39.4781,6.28314,1.00002,0.963501,0.267777,0.0,1.65151,-6.06221,0.0
-0.0320964,1.26708,39.4781,6.28314,1.00002,0.966184,0.257929,0.0,1.58954,-6.07875,0.0
-0.032098,1.26715,39.4781,6.28314,1.00002,0.968766,0.248054,0.0,1.52741,-6.09466,0.0
-0.0320996,1.26721,39.4781,6.28314,1.00002,0.971248,0.238153,0.0,1.46512,-6.10994,0.0
-0.0321012,1.26727,39.4781,6.28314,1.00002,0.973628,0.228227,0.0,1.40268,-6.12457,0.0
-0.0321028,1.26733,39.4781,6.28315,1.00002,0.975907,0.218277,0.0,1.34009,-6.13857,0.0
-0.0321043,1.26739,39.4781,6.28315,1.00002,0.978084,0.208305,0.0,1.27737,-6.15193,0.0
-0.0321059,1.26746,39.4781,6.28315,1.00002,0.980159,0.198311,0.0,1.21451,-6.16465,0.0
-0.0321074,1.26752,39.4781,6.28315,1.00002,0.982132,0.188296,0.0,1.15152,-6.17673,0.0
-0.032109,1.26758,39.4781,6.28315,1.00002,0.984003,0.178261,0.0,1.08841,-6.18816,0.0
-0.0321105,1.26764,39.4781,6.28315,1.00002,0.985771,0.168209,0.0,1.02519,-6.19895,0.0
-0.032112,1.2677,39.4781,6.28315,1.00002,0.987436,0.158138,0.0,0.961865,-6.20909,0.0
-0.0321135,1.26776,39.4781,6.28315,1.00002,0.988999,0.148051,0.0,0.898438,-6.21858,0.0
-0.032115,1.26781,39.4781,6.28315,1.00002,0.990458,0.137949,0.0,0.834917,-6.22743,0.0
-0.0321164,1.26787,39.4781,6.28315,1.00002,0.991815,0.127832,0.0,0.771309,-6.23563,0.0
-0.0321179,1.26793,39.4781,6.28315,1.00002,0.993068,0.117702,0.0,0.707621,-6.24318,0.0
-0.0321193,1.26799,39.4781,6.28315,1.00002,0.994217,0.107559,0.0,0.643859,-6.25007,0.0
-0.0321208,1.26804,39.4781,6.28315,1.00002,0.995263,0.0974059,0.0,0.580029,-6.25632,0.0
-0.0321222,1.2681,39.4781,6.28315,1.00002,0.996206,0.0872422,0.0,0.51614,-6.26192,0.0
-0.0321236,1.26816,39.4781,6.28315,1.00002,0.997044,0.0770694,0.0,0.452196,-6.26686,0.0
-0.032125,1.26821,39.4781,6.28315,1.00002,0.997779,0.0668886,0.0,0.388206,-6.27115,0.0
-0.0321263,1.26826,39.4781,6.28315,1.00002,0.998409,0.0567008,0.0,0.324175,-6.27478,0.0
-0.0321277,1.26832,39.4781,6.28315,1.00002,0.998936,0.0465071,0.0,0.26011,-6.27777,0.0
-0.032129,1.26837,39.4781,6.28315,1.00002,0.999359,0.0363086,0.0,0.196018,-6.2801,0.0
-0.0321304,1.26842,39.4781,6.28316,1.00002,0.999677,0.0261063,0.0,0.131906,-6.28177,0.0
-0.0321317,1.26848,39.4781,6.28316,1.00002,0.999891,0.0159012,0.0,0.0677798,-6.28279,0.0
-0.0321329,1.26853,39.4781,6.28316,1.00002,1.0,0.00569453,0.0,0.00364668,-6.28316,0.0
-0.0321342,1.26858,39.4781,6.28316,1.00002,1.00001,-0.00451276,0.0,-0.0604868,-6.28287,0.0
-0.0321355,1.26863,39.4781,6.28316,1.00002,0.999909,-0.0147196,0.0,-0.124614,-6.28192,0.0
-0.0321367,1.26867,39.4781,6.28316,1.00002,0.999707,-0.0249249,0.0,-0.188728,-6.28032,0.0
-0.0321379,1.26872,39.4781,6.28316,1.00002,0.9994,-0.0351276,0.0,-0.252823,-6.27807,0.0
-0.0321391,1.26877,39.4781,6.28316,1.00002,0.998989,-0.0453266,0.0,-0.316891,-6.27516,0.0
-0.0321403,1.26882,39.4781,6.28316,1.00002,0.998475,-0.0555209,0.0,-0.380926,-6.2716,0.0
-0.0321414,1.26886,39.4782,6.28316,1.00002,0.997856,-0.0657094,0.0,-0.444922,-6.26739,0.0
-0.0321426,1.26891,39.4782,6.28316,1.00002,0.997133,-0.0758911,0.0,-0.508871,-6.26252,0.0
-0.0321437,1.26895,39.4782,6.28316,1.00002,0.996306,-0.0860649,0.0,-0.572768,-6.257,0.0
-0.0321448,1.269,39.4782,6.28316,1.00002,0.995376,-0.0962297,0.0,-0.636604,-6.25083,0.0
-0.0321458,1.26904,39.4782,6.28316,1.00002,0.994342,-0.106384,0.0,-0.700374,-6.24401,0.0
-0.0321469,1.26908,39.4782,6.28317,1.00002,0.993204,-0.116528,0.0,-0.764072,-6.23653,0.0
-0.0321479,1.26912,39.4782,6.28317,1.00002,0.991962,-0.12666,0.0,-0.827689,-6.22841,0.0
-0.0321489,1.26916,39.4782,6.28317,1.00002,0.990618,-0.136778,0.0,-0.891221,-6.21964,0.0
-0.0321499,1.2692,39.4782,6.28317,1.00002,0.98917,-0.146882,0.0,-0.954659,-6.21022,0.0
-0.0321509,1.26924,39.4782,6.28317,1.00002,0.987619,-0.156971,0.0,-1.018,-6.20015,0.0
-0.0321518,1.26928,39.4782,6.28317,1.00002,0.985965,-0.167043,0.0,-1.08123,-6.18944,0.0
-0.0321527,1.26931,39.4782,6.28317,1.00002,0.984209,-0.177099,0.0,-1.14435,-6.17808,0.0
-0.0321536,1.26935,39.4782,6.28317,1.00002,0.98235,-0.187135,0.0,-1.20735,-6.16608,0.0
-0.0321545,1.26938,39.4782,6.28317,1.00002,0.980388,-0.197152,0.0,-1.27023,-6.15344,0.0
-0.0321554,1.26942,39.4782,6.28317,1.00002,0.978325,-0.207149,0.0,-1.33297,-6.14015,0.0
-0.0321562,1.26945,39.4782,6.28317,1.00001,0.976159,-0.217124,0.0,-1.39558,-6.12623,0.0
-0.032157,1.26948,39.4782,6.28317,1.00001,0.973892,-0.227076,0.0,-1.45804,-6.11166,0.0
-0.0321578,1.26951,39.4782,6.28318,1.00001,0.971524,-0.237005,0.0,-1.52034,-6.09646,0.0
-0.0321585,1.26954,39.4782,6.28318,1.00001,0.969054,-0.246909,0.0,-1.58249,-6.08063,0.0
-0.0321592,1.26957,39.4782,6.28318,1.00001,0.966483,-0.256787,0.0,-1.64447,-6.06416,0.0
-0.0321599,1.2696,39.4782,6.28318,1.00001,0.963811,-0.266639,0.0,-1.70629,-6.04706,0.0
-0.0321606,1.26963,39.4782,6.28318,1.00001,0.961039,-0.276462,0.0,-1.76792,-6.02933,0.0
-0.0321613,1.26965,39.4782,6.28318,1.00001,0.958167,-0.286257,0.0,-1.82937,-6.01097,0.0
-0.0321619,1.26968,39.4782,6.28318,1.00001,0.955195,-0.296022,0.0,-1.89063,-5.99198,0.0
-0.0321625,1.2697,39.4782,6.28318,1.00001,0.952124,-0.305757,0.0,-1.9517,-5.97238,0.0
-0.0321631,1.26972,39.4782,6.28318,1.00001,0.948953,-0.315459,0.0,-2.01256,-5.95214,0.0
-0.0321636,1.26975,39.4782,6.28318,1.00001,0.945684,-0.325129,0.0,-2.07321,-5.93129,0.0
-0.0321641,1.26977,39.4782,6.28319,1.00001,0.942316,-0.334764,0.0,-2.13364,-5.90982,0.0
-0.0321646,1.26979,39.4782,6.28319,1.00001,0.93885,-0.344365,0.0,-2.19385,-5.88774,0.0
-0.0321651,1.2698,39.4782,6.28319,1.00001,0.935286,-0.35393,0.0,-2.25383,-5.86504,0.0
-0.0321656,1.26982,39.4782,6.28319,1.00001,0.931624,-0.363458,0.0,-2.31358,-5.84173,0.0
-0.032166,1.26984,39.4782,6.28319,1.00001,0.927866,-0.372948,0.0,-2.37309,-5.81781,0.0
-0.0321664,1.26986,39.4782,6.28319,1.00001,0.92401,-0.3824,0.0,-2.43235,-5.79329,0.0
-0.0321667,1.26987,39.4782,6.28319,1.00001,0.920059,-0.391811,0.0,-2.49136,-5.76816,0.0
-0.0321671,1.26988,39.4782,6.28319,1.00001,0.916012,-0.401182,0.0,-2.5501,-5.74243,0.0
-0.0321674,1.2699,39.4782,6.28319,1.00001,0.911869,-0.410511,0.0,-2.60858,-5.7161,0.0
-0.0321677,1.26991,39.4782,6.28319,1.00001,0.907631,-0.419797,0.0,-2.66679,-5.68918,0.0
-0.0321679,1.26992,39.4782,6.2832,1.00001,0.903299,-0.429039,0.0,-2.72473,-5.66166,0.0
-0.0321681,1.26993,39.4782,6.2832,1.00001,0.898872,-0.438237,0.0,-2.78237,-5.63356,0.0
-0.0321683,1.26994,39.4782,6.2832,1.00001,0.894352,-0.447389,0.0,-2.83973,-5.60486,0.0
-0.0321685,1.26994,39.4782,6.2832,1.00001,0.889739,-0.456494,0.0,-2.89679,-5.57559,0.0
-0.0321687,1.26995,39.4782,6.2832,1.00001,0.885033,-0.465552,0.0,-2.95355,-5.54573,0.0
-0.0321688,1.26995,39.4782,6.2832,1.00001,0.880235,-0.474561,0.0,-3.01001,-5.51529,0.0
-0.0321689,1.26996,39.4783,6.2832,1.00001,0.875345,-0.483521,0.0,-3.06615,-5.48428,0.0
-0.0321689,1.26996,39.4783,6.2832,1.00001,0.870364,-0.49243,0.0,-3.12197,-5.4527,0.0
-0.032169,1.26996,39.4783,6.2832,1.00001,0.865292,-0.501289,0.0,-3.17746,-5.42055,0.0
-0.032169,1.26996,39.4783,6.2832,1.00001,0.86013,-0.510095,0.0,-3.23262,-5.38784,0.0
-0.032169,1.26996,39.4783,6.28321,1.00001,0.854878,-0.518847,0.0,-3.28745,-5.35456,0.0
-0.0321689,1.26996,39.4783,6.28321,1.00001,0.849538,-0.527546,0.0,-3.34193,-5.32073,0.0
-0.0321689,1.26996,39.4783,6.28321,1.00001,0.844109,-0.53619,0.0,-3.39607,-5.28634,0.0
-0.0321688,1.26995,39.4783,6.28321,1.00001,0.838592,-0.544778,0.0,-3.44985,-5.2514,0.0
-0.0321686,1.26995,39.4783,6.28321,1.00001,0.832987,-0.553309,0.0,-3.50327,-5.21592,0.0
-0.0321685,1.26994,39.4783,6.28321,1.00001,0.827296,-0.561783,0.0,-3.55633,-5.17989,0.0
-0.0321683,1.26994,39.4783,6.28321,1.00001,0.821518,-0.570198,0.0,-3.60902,-5.14332,0.0
-0.0321681,1.26993,39.4783,6.28321,1.00001,0.815655,-0.578553,0.0,-3.66133,-5.10621,0.0
-0.0321678,1.26992,39.4783,6.28321,1.00001,0.809707,-0.586848,0.0,-3.71326,-5.06858,0.0
-0.0321676,1.26991,39.4783,6.28322,1.00001,0.803675,-0.595083,0.0,-3.7648,-5.03041,0.0
-0.0321673,1.2699,39.4783,6.28322,1.00001,0.797559,-0.603255,0.0,-3.81595,-4.99172,0.0
-0.032167,1.26989,39.4783,6.28322,1.00001,0.79136,-0.611364,0.0,-3.86671,-4.95251,0.0
-0.0321666,1.26987,39.4783,6.28322,1.00001,0.785078,-0.61941,0.0,-3.91706,-4.91279,0.0
-0.0321663,1.26986,39.4783,6.28322,1.00001,0.778715,-0.627391,0.0,-3.967,-4.87255,0.0
-0.0321659,1.26984,39.4783,6.28322,1.00001,0.77227,-0.635306,0.0,-4.01653,-4.83181,0.0
-0.0321654,1.26983,39.4783,6.28322,1.00001,0.765745,-0.643156,0.0,-4.06564,-4.79056,0.0
-0.032165,1.26981,39.4783,6.28322,1.00001,0.75914,-0.650938,0.0,-4.11432,-4.74881,0.0
-0.0321645,1.26979,39.4783,6.28322,1.00001,0.752456,-0.658653,0.0,-4.16258,-4.70657,0.0
-0.032164,1.26977,39.4783,6.28322,1.00001,0.745694,-0.666299,0.0,-4.21041,-4.66384,0.0
-0.0321635,1.26975,39.4783,6.28323,1.00001,0.738854,-0.673876,0.0,-4.25779,-4.62062,0.0
-0.0321629,1.26973,39.4783,6.28323,1.00001,0.731937,-0.681382,0.0,-4.30473,-4.57692,0.0
-0.0321623,1.26971,39.4783,6.28323,1.00001,0.724944,-0.688818,0.0,-4.35123,-4.53274,0.0
-0.0321617,1.26968,39.4783,6.28323,1.00001,0.717875,-0.696181,0.0,-4.39727,-4.48809,0.0
-0.0321611,1.26966,39.4783,6.28323,1.00001,0.710731,-0.703472,0.0,-4.44285,-4.44298,0.0
-0.0321604,1.26963,39.4783,6.28323,1.00001,0.703514,-0.71069,0.0,-4.48797,-4.3974,0.0
-0.0321597,1.26961,39.4783,6.28323,1.00001,0.696223,-0.717834,0.0,-4.53262,-4.35136,0.0
-0.032159,1.26958,39.4783,6.28323,1.00001,0.688859,-0.724903,0.0,-4.5768,-4.30487,0.0
-0.0321583,1.26955,39.4783,6.28323,1.00001,0.681424,-0.731896,0.0,-4.6205,-4.25793,0.0
-0.0321575,1.26952,39.4783,6.28323,1.00001,0.673918,-0.738814,0.0,-4.66372,-4.21055,0.0
-0.0321568,1.26949,39.4783,6.28323,1.00001,0.666341,-0.745654,0.0,-4.70646,-4.16272,0.0
-0.0321559,1.26946,39.4783,6.28324,1.00001,0.658695,-0.752416,0.0,-4.7487,-4.11447,0.0
-0.0321551,1.26942,39.4783,6.28324,1.0,0.650981,-0.759101,0.0,-4.79045,-4.06578,0.0
-0.0321543,1.26939,39.4783,6.28324,1.0,0.643199,-0.765706,0.0,-4.83171,-4.01668,0.0
-0.0321534,1.26936,39.4783,6.28324,1.0,0.635349,-0.772231,0.0,-4.87245,-3.96715,0.0
-0.0321525,1.26932,39.4783,6.28324,1.0,0.627434,-0.778676,0.0,-4.91269,-3.91721,0.0
-0.0321516,1.26928,39.4783,6.28324,1.0,0.619453,-0.785039,0.0,-4.95242,-3.86686,0.0
-0.0321506,1.26925,39.4784,6.28324,1.0,0.611407,-0.791321,0.0,-4.99163,-3.81611,0.0
-0.0321496,1.26921,39.4784,6.28324,1.0,0.603298,-0.797521,0.0,-5.03033,-3.76496,0.0
-0.0321486,1.26917,39.4784,6.28324,1.0,0.595126,-0.803637,0.0,-5.06849,-3.71342,0.0
-0.0321476,1.26913,39.4784,6.28324,1.0,0.586892,-0.80967,0.0,-5.10613,-3.6615,0.0
-0.0321466,1.26909,39.4784,6.28324,1.0,0.578597,-0.815618,0.0,-5.14324,-3.60919,0.0
-0.0321455,1.26905,39.4784,6.28324,1.0,0.570242,-0.821481,0.0,-5.17981,-3.5565,0.0
-0.0321445,1.26901,39.4784,6.28325,1.0,0.561827,-0.827259,0.0,-5.21585,-3.50345,0.0
-0.0321434,1.26896,39.4784,6.28325,1.0,0.553353,-0.832951,0.0,-5.25133,-3.45002,0.0
-0.0321422,1.26892,39.4784,6.28325,1.0,0.544822,-0.838555,0.0,-5.28628,-3.39624,0.0
-0.0321411,1.26887,39.4784,6.28325,1.0,0.536234,-0.844073,0.0,-5.32067,-3.34211,0.0
-0.0321399,1.26883,39.4784,6.28325,1.0,0.527591,-0.849502,0.0,-5.3545,-3.28763,0.0
-0.0321388,1.26878,39.4784,6.28325,1.0,0.518892,-0.854843,0.0,-5.38778,-3.2328,0.0
-0.0321376,1.26873,39.4784,6.28325,1.0,0.510139,-0.860095,0.0,-5.4205,-3.17764,0.0
-0.0321363,1.26869,39.4784,6.28325,1.0,0.501334,-0.865257,0.0,-5.45265,-3.12215,0.0
-0.0321351,1.26864,39.4784,6.28325,1.0,0.492475,-0.870329,0.0,-5.48424,-3.06633,0.0
-0.0321338,1.26859,39.4784,6.28325,1.0,0.483566,-0.875311,0.0,-5.51525,-3.01019,0.0
-0.0321326,1.26854,39.4784,6.28325,1.0,0.474606,-0.880201,0.0,-5.54569,-2.95374,0.0
-0.0321313,1.26849,39.4784,6.28325,1.0,0.465597,-0.884999,0.0,-5.57555,-2.89698,0.0
-0.03213,1.26844,39.4784,6.28325,1.0,0.456539,-0.889706,0.0,-5.60483,-2.83992,0.0
-0.0321286,1.26838,39.4784,6.28325,1.0,0.447434,-0.894319,0.0,-5.63353,-2.78257,0.0
-0.0321273,1.26833,39.4784,6.28326,1.0,0.438282,-0.89884,0.0,-5.66164,-2.72492,0.0
-0.032126,1.26828,39.4784,6.28326,1.0,0.429084,-0.903266,0.0,-5.68915,-2.66699,0.0
-0.0321246,1.26822,39.4784,6.28326,1.0,0.419842,-0.907599,0.0,-5.71608,-2.60878,0.0
-0.0321232,1.26817,39.4784,6.28326,1.0,0.410556,-0.911837,0.0,-5.74241,-2.5503,0.0
-0.0321218,1.26811,39.4784,6.28326,1.0,0.401227,-0.91598,0.0,-5.76814,-2.49155,0.0
-0.0321204,1.26806,39.4784,6.28326,1.0,0.391857,-0.920028,0.0,-5.79328,-2.43255,0.0
-0.0321189,1.268,39.4784,6.28326,1.0,0.382445,-0.92398,0.0,-5.8178,-2.37329,0.0
-0.0321175,1.26795,39.4784,6.28326,1.0,0.372994,-0.927835,0.0,-5.84173,-2.31378,0.0
-0.032116,1.26789,39.4784,6.28326,1.0,0.363504,-0.931594,0.0,-5.86504,-2.25404,0.0
-0.0321146,1.26783,39.4784,6.28326,1.0,0.353976,-0.935256,0.0,-5.88774,-2.19405,0.0
-0.0321131,1.26777,39.4784,6.28326,1.0,0.344411,-0.93882,0.0,-5.90983,-2.13384,0.0
-0.0321116,1.26771,39.4784,6.28326,1.0,0.33481,-0.942287,0.0,-5.9313,-2.07341,0.0
-0.0321101,1.26765,39.4784,6.28326,1.0,0.325174,-0.945655,0.0,-5.95216,-2.01276,0.0
-0.0321085,1.26759,39.4784,6.28326,1.0,0.315505,-0.948925,0.0,-5.97239,-1.9519,0.0
-0.032107,1.26753,39.4784,6.28326,1.0,0.305802,-0.952096,0.0,-5.992,-1.89084,0.0
-0.0321055,1.26747,39.4784,6.28326,1.0,0.296068,-0.955168,0.0,-6.01099,-1.82958,0.0
-0.0321039,1.26741,39.4784,6.28326,1.0,0.286303,-0.95814,0.0,-6.02935,-1.76813,0.0
-0.0321023,1.26735,39.4784,6.28326,1.0,0.276508,-0.961012,0.0,-6.04709,-1.7065,0.0
-0.0321008,1.26729,39.4784,6.28326,1.0,0.266684,-0.963785,0.0,-6.06419,-1.64468,0.0
-0.0320992,1.26722,39.4784,6.28326,1.0,0.256832,-0.966456,0.0,-6.08066,-1.5827,0.0
-0.0320976,1.26716,39.4784,6.28326,1.0,0.246954,-0.969028,0.0,-6.0965,-1.52055,0.0
-0.032096,1.2671,39.4784,6.28326,1.0,0.23705,-0.971498,0.0,-6.1117,-1.45825,0.0
-0.0320944,1.26703,39.4784,6.28326,1.0,0.227121,-0.973867,0.0,-6.12627,-1.39579,0.0
-0.0320928,1.26697,39.4784,6.28327,1.0,0.217169,-0.976134,0.0,-6.1402,-1.33318,0.0
-0.0320911,1.26691,39.4784,6.28327,1.0,0.207194,-0.9783,0.0,-6.15349,-1.27044,0.0
-0.0320895,1.26684,39.4784,6.28327,1.0,0.197197,-0.980364,0.0,-6.16613,-1.20757,0.0
-0.0320879,1.26678,39.4784,6.28327,1.0,0.18718,-0.982326,0.0,-6.17814,-1.14456,0.0
-0.0320862,1.26671,39.4784,6.28327,1.0,0.177143,-0.984185,0.0,-6.1895,-1.08144,0.0
-0.0320846,1.26665,39.4784,6.28327,1.0,0.167088,-0.985942,0.0,-6.20022,-1.01821,0.0
-0.032083,1.26658,39.4784,6.28327,1.0,0.157015,-0.987596,0.0,-6.21029,-0.954872,0.0
-0.0320813,1.26652,39.4784,6.28327,1.0,0.146927,-0.989147,0.0,-6.21971,-0.891434,0.0
-0.0320796,1.26645,39.4784,6.28327,1.0,0.136822,-0.990596,0.0,-6.22848,-0.827902,0.0
-0.032078,1.26639,39.4784,6.28327,1.0,0.126704,-0.991941,0.0,-6.23661,-0.764284,0.0
-0.0320763,1.26632,39.4784,6.28327,1.0,0.116572,-0.993182,0.0,-6.24409,-0.700587,0.0
-0.0320747,1.26626,39.4784,6.28327,1.0,0.106428,-0.99432,0.0,-6.25091,-0.636817,0.0
-0.032073,1.26619,39.4784,6.28327,1.0,0.0962734,-0.995355,0.0,-6.25709,-0.57298,0.0
-0.0320713,1.26612,39.4784,6.28327,1.0,0.0861085,-0.996286,0.0,-6.26261,-0.509083,0.0
-0.0320696,1.26606,39.4784,6.28327,1.0,0.0759346,-0.997113,0.0,-6.26748,-0.445134,0.0
-0.032068,1.26599,39.4784,6.28327,1.0,0.0657528,-0.997836,0.0,-6.2717,-0.381138,0.0
-0.0320663,1.26593,39.4784,6.28327,1.0,0.0555641,-0.998455,0.0,-6.27526,-0.317103,0.0
-0.0320646,1.26586,39.4784,6.28327,1.0,0.0453696,-0.99897,0.0,-6.27817,-0.253034,0.0
-0.032063,1.2658,39.4784,6.28327,1.0,0.0351704,-0.999381,0.0,-6.28043,-0.188939,0.0
-0.0320613,1.26573,39.4784,6.28327,1.0,0.0249676,-0.999688,0.0,-6.28203,-0.124825,0.0
-0.0320596,1.26566,39.4784,6.28327,1.0,0.0147621,-0.999891,0.0,-6.28297,-0.0606969,0.0
-0.032058,1.2656,39.4784,6.28327,1.0,0.0045551,-0.99999,0.0,-6.28327,0.00343709,0.0
-0.0320563,1.26553,39.4784,6.28327,1.0,-0.00565237,-0.999984,0.0,-6.2829,0.0675707,0.0
-0.0320546,1.26547,39.4784,6.28327,1.0,-0.0158593,-0.999874,0.0,-6.28189,0.131697,0.0
-0.032053,1.2654,39.4784,6.28327,1.0,-0.0260645,-0.99966,0.0,-6.28021,0.19581,0.0
-0.0320513,1.26534,39.4784,6.28327,1.0,-0.036267,-0.999342,0.0,-6.27789,0.259903,0.0
-0.0320497,1.26527,39.4784,6.28327,1.0,-0.0464657,-0.99892,0.0,-6.27491,0.323968,0.0
-0.032048,1.26521,39.4784,6.28327,1.0,-0.0566596,-0.998394,0.0,-6.27127,0.387999,0.0
-0.0320464,1.26514,39.4784,6.28327,1.0,-0.0668476,-0.997763,0.0,-6.26699,0.451991,0.0
-0.0320448,1.26508,39.4784,6.28327,1.0,-0.0770287,-0.997029,0.0,-6.26205,0.515935,0.0
-0.0320432,1.26501,39.4784,6.28327,1.0,-0.0872017,-0.996191,0.0,-6.25645,0.579825,0.0
-0.0320415,1.26495,39.4784,6.28326,1.0,-0.0973656,-0.995249,0.0,-6.25021,0.643655,0.0
-0.0320399,1.26488,39.4784,6.28326,1.0,-0.107519,-0.994203,0.0,-6.24331,0.707418,0.0
-0.0320383,1.26482,39.4784,6.28326,1.0,-0.117662,-0.993054,0.0,-6.23577,0.771107,0.0
-0.0320367,1.26476,39.4784,6.28326,1.0,-0.127792,-0.991801,0.0,-6.22757,0.834716,0.0
-0.0320351,1.2647,39.4784,6.28326,1.0,-0.137909,-0.990445,0.0,-6.21873,0.898237,0.0
-0.0320336,1.26463,39.4784,6.28326,1.0,-0.148012,-0.988986,0.0,-6.20923,0.961666,0.0
-0.032032,1.26457,39.4784,6.28326,1.0,-0.158099,-0.987424,0.0,-6.1991,1.02499,0.0
-0.0320304,1.26451,39.4784,6.28326,1.0,-0.16817,-0.985759,0.0,-6.18831,1.08821,0.0
-0.0320289,1.26445,39.4784,6.28326,1.0,-0.178223,-0.983991,0.0,-6.17688,1.15132,0.0
-0.0320273,1.26439,39.4784,6.28326,1.0,-0.188258,-0.98212,0.0,-6.16481,1.21431,0.0
-0.0320258,1.26433,39.4784,6.28326,1.0,-0.198273,-0.980148,0.0,-6.15209,1.27717,0.0
-0.0320243,1.26427,39.4784,6.28326,1.0,-0.208267,-0.978073,0.0,-6.13873,1.3399,0.0
-0.0320228,1.26421,39.4784,6.28326,1.0,-0.21824,-0.975896,0.0,-6.12474,1.40249,0.0
-0.0320213,1.26415,39.4784,6.28326,1.0,-0.22819,-0.973618,0.0,-6.1101,1.46493,0.0
-0.0320198,1.26409,39.4784,6.28326,1.0,-0.238116,-0.971238,0.0,-6.09483,1.52722,0.0
-0.0320183,1.26403,39.4784,6.28326,1.0,-0.248017,-0.968757,0.0,-6.07892,1.58935,0.0
-0.0320169,1.26397,39.4784,6.28326,1.0,-0.257893,-0.966175,0.0,-6.06238,1.65132,0.0
-0.0320154,1.26392,39.4784,6.28326,1.0,-0.267741,-0.963492,0.0,-6.04521,1.71311,0.0
-0.032014,1.26386,39.4784,6.28326,1.0,-0.277562,-0.960709,0.0,-6.02741,1.77472,0.0
-0.0320126,1.2638,39.4784,6.28326,1.0,-0.287354,-0.957826,0.0,-6.00898,1.83615,0.0
-0.0320112,1.26375,39.4784,6.28326,1.0,-0.297116,-0.954843,0.0,-5.98993,1.89739,0.0
-0.0320098,1.26369,39.4784,6.28326,1.0,-0.306847,-0.951761,0.0,-5.97025,1.95843,0.0
-0.0320085,1.26364,39.4784,6.28326,1.0,-0.316546,-0.948579,0.0,-5.94994,2.01927,0.0
-0.0320071,1.26359,39.4784,6.28325,1.0,-0.326212,-0.945299,0.0,-5.92902,2.0799,0.0
-0.0320058,1.26353,39.4784,6.28325,1.0,-0.335844,-0.94192,0.0,-5.90748,2.14031,0.0
-0.0320045,1.26348,39.4784,6.28325,1.0,-0.345441,-0.938443,0.0,-5.88533,2.20049,0.0
-0.0320032,1.26343,39.4784,6.28325,1.0,-0.355002,-0.934868,0.0,-5.86256,2.26045,0.0
-0.0320019,1.26338,39.4784,6.28325,1.0,-0.364526,-0.931196,0.0,-5.83918,2.32017,0.0
-0.0320006,1.26333,39.4784,6.28325,1.0,-0.374012,-0.927427,0.0,-5.8152,2.37965,0.0
-0.0319994,1.26328,39.4784,6.28325,1.0,-0.383459,-0.923561,0.0,-5.7906,2.43888,0.0
-0.0319981,1.26323,39.4784,6.28325,1.0,-0.392866,-0.919599,0.0,-5.76541,2.49786,0.0
-0.0319969,1.26318,39.4784,6.28325,1.0,-0.402232,-0.915541,0.0,-5.73961,2.55658,0.0
-0.0319957,1.26314,39.4784,6.28325,1.0,-0.411556,-0.911388,0.0,-5.71322,2.61503,0.0
-0.0319946,1.26309,39.4784,6.28325,1.0,-0.420838,-0.907139,0.0,-5.68623,2.67321,0.0
-0.0319934,1.26304,39.4784,6.28325,1.0,-0.430075,-0.902797,0.0,-5.65864,2.73111,0.0
-0.0319923,1.263,39.4784,6.28325,1.0,-0.439268,-0.89836,0.0,-5.63047,2.78872,0.0
-0.0319912,1.26295,39.4784,6.28325,1.0,-0.448415,-0.893829,0.0,-5.60171,2.84605,0.0
-0.0319901,1.26291,39.4784,6.28324,1.0,-0.457515,-0.889206,0.0,-5.57237,2.90308,0.0
-0.031989,1.26287,39.4784,6.28324,1.0,-0.466568,-0.88449,0.0,-5.54245,2.9598,0.0
-0.031988,1.26283,39.4784,6.28324,1.0,-0.475572,-0.879681,0.0,-5.51195,3.01622,0.0
-0.0319869,1.26279,39.4784,6.28324,1.0,-0.484526,-0.874781,0.0,-5.48087,3.07233,0.0
-0.0319859,1.26275,39.4784,6.28324,1.0,-0.49343,-0.86979,0.0,-5.44923,3.12811,0.0
-0.0319849,1.26271,39.4784,6.28324,1.0,-0.502283,-0.864708,0.0,-5.41701,3.18357,0.0
-0.031984,1.26267,39.4783,6.28324,1.0,-0.511083,-0.859536,0.0,-5.38423,3.23869,0.0
-0.031983,1.26263,39.4783,6.28324,1.0,-0.51983,-0.854275,0.0,-5.35089,3.29348,0.0
-0.0319821,1.2626,39.4783,6.28324,1.0,-0.528523,-0.848925,0.0,-5.317,3.34793,0.0
-0.0319812,1.26256,39.4783,6.28324,1.0,-0.53716,-0.843486,0.0,-5.28255,3.40202,0.0
-0.0319804,1.26253,39.4783,6.28324,1.0,-0.545742,-0.837959,0.0,-5.24755,3.45576,0.0
-0.0319795,1.26249,39.4783,6.28324,1.00001,-0.554267,-0.832345,0.0,-5.212,3.50915,0.0
-0.0319787,1.26246,39.4783,6.28323,1.00001,-0.562734,-0.826644,0.0,-5.17591,3.56216,0.0
-0.0319779,1.26243,39.4783,6.28323,1.00001,-0.571143,-0.820857,0.0,-5.13928,3.61481,0.0
-0.0319771,1.2624,39.4783,6.28323,1.00001,-0.579492,-0.814985,0.0,-5.10211,3.66707,0.0
-0.0319764,1.26237,39.4783,6.28323,1.00001,-0.58778,-0.809027,0.0,-5.06442,3.71896,0.0
-0.0319757,1.26234,39.4783,6.28323,1.00001,-0.596008,-0.802986,0.0,-5.02619,3.77046,0.0
-0.031975,1.26231,39.4783,6.28323,1.00001,-0.604173,-0.796861,0.0,-4.98745,3.82157,0.0
-0.0319743,1.26228,39.4783,6.28323,1.00001,-0.612275,-0.790652,0.0,-4.94818,3.87227,0.0
-0.0319736,1.26226,39.4783,6.28323,1.00001,-0.620314,-0.784362,0.0,-4.90839,3.92258,0.0
-0.031973,1.26223,39.4783,6.28323,1.00001,-0.628288,-0.777989,0.0,-4.8681,3.97247,0.0
-0.0319724,1.26221,39.4783,6.28323,1.00001,-0.636196,-0.771536,0.0,-4.8273,4.02196,0.0
-0.0319719,1.26219,39.4783,6.28322,1.00001,-0.644039,-0.765002,0.0,-4.78599,4.07102,0.0
-0.0319713,1.26216,39.4783,6.28322,1.00001,-0.651814,-0.758388,0.0,-4.74419,4.11966,0.0
-0.0319708,1.26214,39.4783,6.28322,1.00001,-0.659521,-0.751696,0.0,-4.70189,4.16787,0.0
-0.0319703,1.26212,39.4783,6.28322,1.00001,-0.667159,-0.744925,0.0,-4.6591,4.21564,0.0
-0.0319698,1.26211,39.4783,6.28322,1.00001,-0.674728,-0.738076,0.0,-4.61583,4.26298,0.0
-0.0319694,1.26209,39.4783,6.28322,1.00001,-0.682227,-0.731151,0.0,-4.57208,4.30987,0.0
-0.031969,1.26207,39.4783,6.28322,1.00001,-0.689654,-0.724149,0.0,-4.52785,4.35631,0.0
-0.0319686,1.26206,39.4783,6.28322,1.00001,-0.69701,-0.717072,0.0,-4.48315,4.4023,0.0
-0.0319682,1.26204,39.4783,6.28322,1.00001,-0.704293,-0.70992,0.0,-4.43798,4.44783,0.0
-0.0319679,1.26203,39.4783,6.28322,1.00001,-0.711503,-0.702695,0.0,-4.39234,4.4929,0.0
-0.0319676,1.26202,39.4783,6.28321,1.00001,-0.718638,-0.695396,0.0,-4.34626,4.53749,0.0
-0.0319673,1.262,39.4783,6.28321,1.00001,-0.725699,-0.688024,0.0,-4.29971,4.58162,0.0
-0.0319671,1.26199,39.4783,6.28321,1.00001,-0.732684,-0.680581,0.0,-4.25272,4.62527,0.0
-0.0319668,1.26198,39.4783,6.28321,1.00001,-0.739593,-0.673067,0.0,-4.20529,4.66843,0.0
-0.0319666,1.26198,39.4783,6.28321,1.00001,-0.746425,-0.665483,0.0,-4.15742,4.71111,0.0
-0.0319665,1.26197,39.4783,6.28321,1.00001,-0.753179,-0.65783,0.0,-4.10912,4.7533,0.0
-0.0319663,1.26196,39.4783,6.28321,1.00001,-0.759854,-0.650108,0.0,-4.06038,4.795,0.0
-0.0319662,1.26196,39.4783,6.28321,1.00001,-0.76645,-0.642318,0.0,-4.01123,4.83619,0.0
-0.0319661,1.26195,39.4783,6.28321,1.00001,-0.772967,-0.634461,0.0,-3.96165,4.87688,0.0
-0.0319661,1.26195,39.4783,6.28321,1.00001,-0.779403,-0.626539,0.0,-3.91167,4.91706,0.0
-0.031966,1.26195,39.4783,6.2832,1.00001,-0.785757,-0.618551,0.0,-3.86127,4.95673,0.0
-0.031966,1.26195,39.4783,6.2832,1.00001,-0.79203,-0.610498,0.0,-3.81048,4.99589,0.0
-0.031966,1.26195,39.4783,6.2832,1.00001,-0.798221,-0.602382,0.0,-3.75929,5.03452,0.0
-0.0319661,1.26195,39.4783,6.2832,1.00001,-0.804328,-0.594203,0.0,-3.7077,5.07263,0.0
-0.0319662,1.26196,39.4783,6.2832,1.00001,-0.810351,-0.585963,0.0,-3.65573,5.11021,0.0
-0.0319663,1.26196,39.4782,6.2832,1.00001,-0.81629,-0.577661,0.0,-3.60338,5.14726,0.0
-0.0319664,1.26196,39.4782,6.2832,1.00001,-0.822144,-0.569299,0.0,-3.55065,5.18377,0.0
-0.0319666,1.26197,39.4782,6.2832,1.00001,-0.827912,-0.560878,0.0,-3.49756,5.21974,0.0
-0.0319667,1.26198,39.4782,6.2832,1.00001,-0.833594,-0.552398,0.0,-3.44409,5.25517,0.0
-0.031967,1.26199,39.4782,6.2832,1.00001,-0.839189,-0.543861,0.0,-3.39027,5.29005,0.0
-0.0319672,1.26199,39.4782,6.28319,1.00001,-0.844697,-0.535267,0.0,-3.3361,5.32437,0.0
-0.0319675,1.262,39.4782,6.28319,1.00001,-0.850116,-0.526617,0.0,-3.28158,5.35815,0.0
-0.0319678,1.26202,39.4782,6.28319,1.00001,-0.855448,-0.517912,0.0,-3.22672,5.39136,0.0
-0.0319681,1.26203,39.4782,6.28319,1.00001,-0.860689,-0.509154,0.0,-3.17152,5.42402,0.0
-0.0319684,1.26204,39.4782,6.28319,1.00001,-0.865842,-0.500342,0.0,-3.11599,5.45611,0.0
-0.0319688,1.26206,39.4782,6.28319,1.00001,-0.870904,-0.491479,0.0,-3.06013,5.48763,0.0
-0.0319692,1.26207,39.4782,6.28319,1.00001,-0.875875,-0.482564,0.0,-3.00396,5.51858,0.0
-0.0319696,1.26209,39.4782,6.28319,1.00001,-0.880755,-0.473598,0.0,-2.94747,5.54895,0.0
-0.0319701,1.26211,39.4782,6.28319,1.00001,-0.885544,-0.464584,0.0,-2.89068,5.57874,0.0
-0.0319706,1.26213,39.4782,6.28319,1.00001,-0.89024,-0.455521,0.0,-2.83359,5.60796,0.0
-0.0319711,1.26215,39.4782,6.28318,1.00001,-0.894843,-0.446411,0.0,-2.7762,5.63659,0.0
-0.0319716,1.26217,39.4782,6.28318,1.00001,-0.899353,-0.437254,0.0,-2.71852,5.66463,0.0
-0.0319722,1.26219,39.4782,6.28318,1.00001,-0.903769,-0.428051,0.0,-2.66056,5.69208,0.0
-0.0319728,1.26221,39.4782,6.28318,1.00001,-0.908092,-0.418804,0.0,-2.60232,5.71894,0.0
-0.0319734,1.26223,39.4782,6.28318,1.00001,-0.912319,-0.409513,0.0,-2.54381,5.74521,0.0
-0.031974,1.26226,39.4782,6.28318,1.00001,-0.916452,-0.40018,0.0,-2.48503,5.77087,0.0
-0.0319747,1.26229,39.4782,6.28318,1.00001,-0.920489,-0.390805,0.0,-2.426,5.79593,0.0
-0.0319754,1.26231,39.4782,6.28318,1.00001,-0.92443,-0.381389,0.0,-2.36671,5.82039,0.0
-0.0319761,1.26234,39.4782,6.28318,1.00001,-0.928275,-0.371934,0.0,-2.30718,5.84425,0.0
-0.0319768,1.26237,39.4782,6.28318,1.00001,-0.932023,-0.362439,0.0,-2.24741,5.86749,0.0
-0.0319776,1.2624,39.4782,6.28317,1.00001,-0.935674,-0.352907,0.0,-2.1874,5.89013,0.0
-0.0319784,1.26243,39.4782,6.28317,1.00001,-0.939227,-0.343339,0.0,-2.12716,5.91214,0.0
-0.0319792,1.26246,39.4782,6.28317,1.00001,-0.942683,-0.333734,0.0,-2.0667,5.93355,0.0
-0.03198,1.26249,39.4782,6.28317,1.00002,-0.946041,-0.324095,0.0,-2.00603,5.95433,0.0
-0.0319809,1.26253,39.4782,6.28317,1.00002,-0.949299,-0.314422,0.0,-1.94515,5.9745,0.0
-0.0319818,1.26256,39.4782,6.28317,1.00002,-0.952459,-0.304716,0.0,-1.88407,5.99404,0.0
-0.0319827,1.2626,39.4782,6.28317,1.00002,-0.95552,-0.294978,0.0,-1.82279,6.01296,0.0
-0.0319836,1.26263,39.4782,6.28317,1.00002,-0.958481,-0.28521,0.0,-1.76131,6.03125,0.0
-0.0319845,1.26267,39.4782,6.28317,1.00002,-0.961343,-0.275412,0.0,-1.69966,6.04891,0.0
-0.0319855,1.26271,39.4782,6.28317,1.00002,-0.964104,-0.265585,0.0,-1.63783,6.06595,0.0
-0.0319865,1.26275,39.4782,6.28317,1.00002,-0.966765,-0.25573,0.0,-1.57583,6.08235,0.0
-0.0319875,1.26279,39.4782,6.28317,1.00002,-0.969325,-0.245849,0.0,-1.51366,6.09811,0.0
-0.0319886,1.26283,39.4782,6.28316,1.00002,-0.971784,-0.235943,0.0,-1.45134,6.11325,0.0
-0.0319896,1.26287,39.4782,6.28316,1.00002,-0.974142,-0.226011,0.0,-1.38886,6.12774,0.0
-0.0319907,1.26291,39.4782,6.28316,1.00002,-0.976398,-0.216057,0.0,-1.32624,6.1416,0.0
-0.0319918,1.26296,39.4782,6.28316,1.00002,-0.978552,-0.206079,0.0,-1.26349,6.15481,0.0
-0.0319929,1.263,39.4782,6.28316,1.00002,-0.980605,-0.196081,0.0,-1.2006,6.16739,0.0
-0.0319941,1.26305,39.4782,6.28316,1.00002,-0.982555,-0.186061,0.0,-1.13758,6.17932,0.0
-0.0319953,1.26309,39.4781,6.28316,1.00002,-0.984403,-0.176023,0.0,-1.07445,6.19061,0.0
-0.0319964,1.26314,39.4781,6.28316,1.00002,-0.986149,-0.165966,0.0,-1.01121,6.20125,0.0
-0.0319976,1.26319,39.4781,6.28316,1.00002,-0.987792,-0.155892,0.0,-0.947856,6.21125,0.0
-0.0319989,1.26323,39.4781,6.28316,1.00002,-0.989332,-0.145801,0.0,-0.884407,6.2206,0.0
-0.0320001,1.26328,39.4781,6.28316,1.00002,-0.990768,-0.135695,0.0,-0.820866,6.2293,0.0
-0.0320014,1.26333,39.4781,6.28316,1.00002,-0.992102,-0.125576,0.0,-0.757239,6.23736,0.0
-0.0320026,1.26338,39.4781,6.28316,1.00002,-0.993332,-0.115443,0.0,-0.693534,6.24476,0.0
-0.0320039,1.26343,39.4781,6.28315,1.00002,-0.994459,-0.105298,0.0,-0.629756,6.25152,0.0
-0.0320052,1.26348,39.4781,6.28315,1.00002,-0.995482,-0.0951418,0.0,-0.565913,6.25762,0.0
-0.0320066,1.26354,39.4781,6.28315,1.00002,-0.996401,-0.084976,0.0,-0.502011,6.26307,0.0
-0.0320079,1.26359,39.4781,6.28315,1.00002,-0.997217,-0.0748014,0.0,-0.438056,6.26786,0.0
-0.0320093,1.26364,39.4781,6.28315,1.00002,-0.997928,-0.0646189,0.0,-0.374056,6.27201,0.0
-0.0320106,1.2637,39.4781,6.28315,1.00002,-0.998536,-0.0544297,0.0,-0.310017,6.2755,0.0
-0.032012,1.26375,39.4781,6.28315,1.00002,-0.99904,-0.0442349,0.0,-0.245946,6.27834,0.0
-0.0320134,1.26381,39.4781,6.28315,1.00002,-0.999439,-0.0340354,0.0,-0.181849,6.28052,0.0
-0.0320149,1.26386,39.4781,6.28315,1.00002,-0.999735,-0.0238324,0.0,-0.117733,6.28205,0.0
-0.0320163,1.26392,39.4781,6.28315,1.00002,-0.999926,-0.0136269,0.0,-0.0536045,6.28292,0.0
-0.0320177,1.26398,39.4781,6.28315,1.00002,-1.00001,-0.00342,0.0,0.0105293,6.28314,0.0
-0.0320192,1.26403,39.4781,6.28315,1.00002,-0.999996,0.00678727,0.0,0.074662,6.28271,0.0
-0.0320207,1.26409,39.4781,6.28315,1.00002,-0.999874,0.0169938,0.0,0.138787,6.28162,0.0
-0.0320222,1.26415,39.4781,6.28315,1.00002,-0.999649,0.0271986,0.0,0.202897,6.27987,0.0
-0.0320237,1.26421,39.4781,6.28315,1.00002,-0.999319,0.0374006,0.0,0.266987,6.27747,0.0
-0.0320252,1.26427,39.4781,6.28315,1.00002,-0.998886,0.0475986,0.0,0.331048,6.27442,0.0
-0.0320267,1.26433,39.4781,6.28315,1.00002,-0.998348,0.0577917,0.0,0.395075,6.27071,0.0
-0.0320282,1.26439,39.4781,6.28315,1.00002,-0.997706,0.0679788,0.0,0.459061,6.26635,0.0
-0.0320298,1.26445,39.4781,6.28315,1.00002,-0.99696,0.0781588,0.0,0.522999,6.26134,0.0
-0.0320313,1.26451,39.4781,6.28315,1.00002,-0.996111,0.0883307,0.0,0.586882,6.25568,0.0
-0.0320329,1.26457,39.4781,6.28314,1.00002,-0.995157,0.0984933,0.0,0.650704,6.24936,0.0
-0.0320345,1.26464,39.4781,6.28314,1.00002,-0.9941,0.108646,0.0,0.714459,6.24239,0.0
-0.0320361,1.2647,39.4781,6.28314,1.00002,-0.992939,0.118787,0.0,0.778139,6.23477,0.0
-0.0320377,1.26476,39.4781,6.28314,1.00002,-0.991675,0.128915,0.0,0.841738,6.22651,0.0
-0.0320393,1.26482,39.4781,6.28314,1.00002,-0.990308,0.139031,0.0,0.905249,6.21759,0.0
-0.0320409,1.26489,39.4781,6.28314,1.00002,-0.988837,0.149132,0.0,0.968666,6.20803,0.0
-0.0320425,1.26495,39.4781,6.28314,1.00002,-0.987264,0.159217,0.0,1.03198,6.19781,0.0
-0.0320441,1.26502,39.4781,6.28314,1.00002,-0.985587,0.169285,0.0,1.09519,6.18696,0.0
-0.0320457,1.26508,39.4781,6.28314,1.00002,-0.983808,0.179336,0.0,1.15829,6.17546,0.0
-0.0320474,1.26514,39.4781,6.28314,1.00002,-0.981926,0.189369,0.0,1.22126,6.16331,0.0
-0.032049,1.26521,39.4781,6.28314,1.00002,-0.979942,0.199381,0.0,1.28411,6.15052,0.0
-0.0320507,1.26527,39.4781,6.28314,1.00002,-0.977856,0.209373,0.0,1.34682,6.1371,0.0
-0.0320523,1.26534,39.4781,6.28314,1.00002,-0.975668,0.219343,0.0,1.40939,6.12303,0.0
-0.032054,1.2654,39.4781,6.28314,1.00002,-0.973379,0.22929,0.0,1.47182,6.10832,0.0
-0.0320556,1.26547,39.4781,6.28314,1.00002,-0.970988,0.239214,0.0,1.53409,6.09298,0.0
-0.0320573,1.26554,39.4781,6.28314,1.00002,-0.968495,0.249112,0.0,1.5962,6.07701,0.0
-0.0320589,1.2656,39.4781,6.28314,1.00002,-0.965902,0.258984,0.0,1.65815,6.0604,0.0
-0.0320606,1.26567,39.4781,6.28314,1.00002,-0.963208,0.26883,0.0,1.71992,6.04316,0.0
-0.0320623,1.26573,39.4781,6.28314,1.00002,-0.960414,0.278647,0.0,1.78151,6.02529,0.0
-0.0320639,1.2658,39.4781,6.28314,1.00002,-0.95752,0.288436,0.0,1.84292,6.00679,0.0
-0.0320656,1.26586,39.4781,6.28314,1.00002,-0.954526,0.298194,0.0,1.90414,5.98766,0.0
-0.0320673,1.26593,39.4781,6.28314,1.00002,-0.951433,0.307921,0.0,1.96516,5.96792,0.0
-0.032069,1.266,39.4781,6.28314,1.00002,-0.94824,0.317616,0.0,2.02597,5.94755,0.0
-0.0320706,1.26606,39.4781,6.28314,1.00002,-0.944949,0.327278,0.0,2.08657,5.92656,0.0
-0.0320723,1.26613,39.4781,6.28314,1.00002,-0.941559,0.336906,0.0,2.14696,5.90495,0.0
-0.032074,1.26619,39.4781,6.28314,1.00002,-0.938072,0.346499,0.0,2.20712,5.88273,0.0
-0.0320756,1.26626,39.4781,6.28314,1.00002,-0.934486,0.356056,0.0,2.26705,5.85989,0.0
-0.0320773,1.26633,39.4781,6.28314,1.00002,-0.930803,0.365576,0.0,2.32674,5.83645,0.0
-0.032079,1.26639,39.4781,6.28314,1.00002,-0.927023,0.375057,0.0,2.3862,5.81239,0.0
-0.0320806,1.26646,39.4781,6.28314,1.00002,-0.923147,0.3845,0.0,2.4454,5.78774,0.0
-0.0320823,1.26652,39.4781,6.28314,1.00002,-0.919174,0.393902,0.0,2.50435,5.76247,0.0
-0.0320839,1.26659,39.4781,6.28314,1.00002,-0.915106,0.403264,0.0,2.56304,5.73661,0.0
-0.0320856,1.26665,39.4781,6.28314,1.00002,-0.910942,0.412583,0.0,2.62146,5.71015,0.0
-0.0320872,1.26672,39.4781,6.28314,1.00002,-0.906683,0.42186,0.0,2.67961,5.6831,0.0
-0.0320888,1.26678,39.4781,6.28314,1.00002,-0.90233,0.431092,0.0,2.73748,5.65545,0.0
-0.0320905,1.26685,39.4781,6.28314,1.00002,-0.897883,0.44028,0.0,2.79506,5.62721,0.0
-0.0320921,1.26691,39.4781,6.28314,1.00002,-0.893342,0.449421,0.0,2.85235,5.59839,0.0
-0.0320937,1.26697,39.4781,6.28314,1.00002,-0.888708,0.458516,0.0,2.90935,5.56898,0.0
-0.0320953,1.26704,39.4781,6.28314,1.00002,-0.883982,0.467563,0.0,2.96604,5.539,0.0
-0.0320969,1.2671,39.4781,6.28314,1.00002,-0.879163,0.476562,0.0,3.02242,5.50843,0.0
-0.0320985,1.26716,39.4781,6.28314,1.00002,-0.874253,0.48551,0.0,3.07849,5.4773,0.0
-0.0321001,1.26723,39.4781,6.28314,1.00002,-0.869252,0.494408,0.0,3.13424,5.44559,0.0
-0.0321017,1.26729,39.4781,6.28315,1.00002,-0.86416,0.503255,0.0,3.18966,5.41331,0.0
-0.0321033,1.26735,39.4781,6.28315,1.00002,-0.858979,0.512049,0.0,3.24475,5.38047,0.0
-0.0321048,1.26741,39.4781,6.28315,1.00002,-0.853707,0.52079,0.0,3.2995,5.34708,0.0
-0.0321064,1.26747,39.4781,6.28315,1.00002,-0.848347,0.529477,0.0,3.35391,5.31312,0.0
-0.0321079,1.26754,39.4781,6.28315,1.00002,-0.842899,0.538108,0.0,3.40797,5.27861,0.0
-0.0321094,1.2676,39.4781,6.28315,1.00002,-0.837362,0.546683,0.0,3.46167,5.24355,0.0
-0.0321109,1.26766,39.4781,6.28315,1.00002,-0.831739,0.555202,0.0,3.51501,5.20794,0.0
-0.0321124,1.26771,39.4781,6.28315,1.00002,-0.826028,0.563662,0.0,3.56799,5.17179,0.0
-0.0321139,1.26777,39.4781,6.28315,1.00002,-0.820232,0.572064,0.0,3.62059,5.1351,0.0
-0.0321154,1.26783,39.4781,6.28315,1.00002,-0.81435,0.580406,0.0,3.67282,5.09788,0.0
-0.0321169,1.26789,39.4781,6.28315,1.00002,-0.808383,0.588688,0.0,3.72466,5.06013,0.0
-0.0321183,1.26795,39.4781,6.28315,1.00002,-0.802332,0.596909,0.0,3.77612,5.02184,0.0
-0.0321198,1.268,39.4781,6.28315,1.00002,-0.796198,0.605067,0.0,3.82718,4.98304,0.0
-0.0321212,1.26806,39.4781,6.28315,1.00002,-0.789981,0.613162,0.0,3.87784,4.94372,0.0
-0.0321226,1.26812,39.4781,6.28315,1.00002,-0.783681,0.621193,0.0,3.9281,4.90388,0.0
-0.032124,1.26817,39.4781,6.28315,1.00002,-0.777299,0.62916,0.0,3.97795,4.86353,0.0
-0.0321254,1.26823,39.4781,6.28315,1.00002,-0.770837,0.637061,0.0,4.02739,4.82267,0.0
-0.0321268,1.26828,39.4781,6.28315,1.00002,-0.764294,0.644896,0.0,4.07641,4.78131,0.0
-0.0321281,1.26833,39.4781,6.28315,1.00002,-0.757672,0.652663,0.0,4.125,4.73945,0.0
-0.0321294,1.26839,39.4781,6.28315,1.00002,-0.750971,0.660363,0.0,4.17316,4.6971,0.0
-0.0321307,1.26844,39.4781,6.28316,1.00002,-0.744191,0.667993,0.0,4.22089,4.65426,0.0
-0.032132,1.26849,39.4781,6.28316,1.00002,-0.737334,0.675554,0.0,4.26817,4.61094,0.0
-0.0321333,1.26854,39.4781,6.28316,1.00002,-0.7304,0.683045,0.0,4.31502,4.56713,0.0
-0.0321346,1.26859,39.4781,6.28316,1.00002,-0.72339,0.690465,0.0,4.36141,4.52285,0.0
-0.0321358,1.26864,39.4781,6.28316,1.00002,-0.716305,0.697812,0.0,4.40735,4.4781,0.0
-0.0321371,1.26869,39.4781,6.28316,1.00002,-0.709145,0.705087,0.0,4.45283,4.43288,0.0
-0.0321383,1.26874,39.4781,6.28316,1.00002,-0.701911,0.712289,0.0,4.49784,4.3872,0.0
